Species,Sex,Abd_length,Dev_time
AL,M,0.0463,8
AL,F,0.0491,14
AL,M,0.0509,8
AL,M,0.0512,8
AG,M,0.0544,7
AL,F,0.055,9
AL,F,0.0557,10
AL,F,0.0564,8
AL,F,0.0568,14
AL,M,0.0569,8
AL,M,0.0578,10
AL,M,0.0579,8
AL,F,0.0584,12
AL,M,0.0586,7
AG,F,0.0594,7
AL,M,0.0595,8
AL,M,0.0598,9
AG,M,0.0599,7
AL,M,0.0599,8
AG,F,0.0601,7
AG,M,0.0603,9
AL,M,0.0625,8
AL,F,0.0625,13
AL,F,0.0632,14
AL,M,0.0634,8
AL,F,0.0634,10
AL,F,0.0636,10
AG,M,0.0637,7
AL,M,0.0638,8
CQ,M,0.064,7
AL,F,0.064,9
AL,M,0.0642,8
AL,M,0.0648,7
AL,M,0.065,9
AL,F,0.065,13
AL,M,0.0653,7
AL,F,0.0654,9
AL,F,0.0656,8
AL,F,0.0657,12
AL,M,0.0658,8
AL,F,0.066,8
AL,M,0.0665,8
AL,F,0.0665,12
AL,F,0.0668,10
AL,M,0.067,15
AL,M,0.0671,8
AL,M,0.0671,10
AL,M,0.0672,8
AG,M,0.0673,8
AL,F,0.0675,9
AL,M,0.0676,8
AL,M,0.0676,8
AL,M,0.0682,8
AL,M,0.0682,8
AL,M,0.0682,8
AL,M,0.0683,9
AL,M,0.0687,8
AL,M,0.0689,7
AL,M,0.069,9
AL,M,0.0692,11
AL,F,0.0693,8
AL,M,0.0694,8
AL,F,0.0694,13
AL,M,0.0697,7
AL,F,0.0697,8
AL,F,0.0699,13
AL,M,0.0701,8
AL,F,0.0701,10
AL,F,0.0701,14
AL,M,0.0702,8
AG,M,0.0704,8
AL,M,0.0704,10
AL,F,0.0704,11
AL,F,0.0706,8
AG,M,0.0708,7
AL,M,0.0708,8
AL,F,0.0708,9
AL,F,0.0709,10
AL,M,0.071,15
AL,M,0.0711,9
AL,M,0.0711,14
AL,M,0.0712,9
AL,M,0.0713,8
AL,M,0.0714,8
AL,M,0.0714,8
AL,F,0.0714,14
AL,M,0.0715,11
AL,M,0.0716,11
AL,M,0.0717,8
AL,M,0.0718,7
AG,M,0.072,7
CQ,M,0.0721,9
AL,F,0.0721,10
AL,M,0.0724,7
AL,M,0.0724,8
AG,F,0.0725,9
AL,M,0.0726,8
AL,F,0.0728,11
AL,M,0.073,7
AL,M,0.073,9
AL,F,0.073,15
AL,F,0.0731,12
AG,M,0.0731,13
AL,M,0.0732,8
AL,M,0.0732,8
AL,M,0.0733,7
AL,M,0.0733,14
AL,F,0.0734,9
AL,M,0.0735,7
AL,M,0.0735,8
AL,M,0.0735,9
AL,M,0.0737,7
AL,M,0.0738,9
AL,F,0.0738,10
AL,M,0.0739,8
AG,M,0.074,7
AL,M,0.074,8
AG,M,0.0741,7
AL,F,0.0741,12
AL,F,0.0742,10
AL,F,0.0744,8
AL,M,0.0744,8
AG,F,0.0744,9
AG,M,0.0744,13
AL,M,0.0745,8
AL,F,0.0745,12
AL,F,0.0746,9
AL,M,0.0747,8
AL,F,0.0747,11
AL,F,0.0748,8
AG,M,0.0749,7
AL,F,0.0751,8
AL,M,0.0751,9
AL,F,0.0751,11
AL,M,0.0752,8
AL,F,0.0752,9
AG,F,0.0752,13
AL,M,0.0753,8
AL,F,0.0753,9
AL,M,0.0753,9
AL,F,0.0754,11
AL,M,0.0755,8
AL,F,0.0755,11
AL,M,0.0757,8
AL,M,0.0757,9
AL,F,0.0757,12
AL,F,0.0757,12
AL,F,0.0758,15
AG,M,0.0761,6
AL,F,0.0762,10
AL,F,0.0763,14
AL,M,0.0764,8
AL,F,0.0765,14
AL,F,0.0767,12
AL,M,0.0769,7
AG,M,0.0769,8
AL,F,0.0769,12
AG,F,0.077,8
AL,F,0.0771,8
AL,M,0.0771,8
AL,M,0.0771,9
AL,M,0.0771,9
AG,M,0.0772,7
AL,M,0.0772,9
AG,F,0.0773,8
AL,M,0.0773,11
AL,M,0.0774,10
AL,M,0.0774,14
AL,F,0.0775,10
AL,M,0.0775,10
AL,M,0.0776,7
AL,F,0.0776,8
AL,M,0.0777,9
AL,M,0.0778,9
AG,M,0.0779,8
AL,M,0.0779,9
AL,M,0.0779,10
AL,M,0.078,8
AL,M,0.078,9
AL,F,0.0782,8
AL,F,0.0782,9
AL,M,0.0783,8
AL,F,0.0783,15
AL,F,0.0784,9
AG,F,0.0785,7
AL,M,0.0785,8
AL,M,0.0785,9
AL,F,0.0786,8
AL,M,0.0786,8
AG,F,0.0786,12
AL,M,0.0787,7
AL,F,0.0787,9
AL,M,0.0787,9
AL,M,0.0787,10
AL,F,0.0787,11
AL,F,0.0788,9
AL,F,0.0788,12
AL,F,0.0789,9
AL,F,0.079,9
AL,F,0.0791,14
AL,F,0.0791,15
AG,F,0.0792,7
AG,M,0.0792,8
AL,M,0.0792,8
AL,M,0.0792,8
AL,M,0.0792,8
AG,M,0.0793,8
AL,M,0.0793,8
AL,F,0.0793,15
AL,M,0.0794,7
AL,M,0.0794,10
AL,F,0.0794,12
AL,M,0.0794,12
AL,M,0.0795,7
AG,M,0.0795,9
AL,M,0.0796,8
AL,M,0.0796,8
AL,M,0.0797,7
AL,F,0.0797,8
AL,F,0.0797,8
AL,F,0.0797,9
AL,M,0.0797,12
AG,M,0.0798,8
AL,M,0.0798,8
AL,F,0.0798,9
AL,M,0.0798,9
AL,F,0.08,8
AL,M,0.0801,7
AL,F,0.0801,15
AL,M,0.0802,7
AL,F,0.0802,9
AL,M,0.0802,9
AL,M,0.0804,9
AL,M,0.0804,11
AL,F,0.0805,10
AL,F,0.0805,10
AL,M,0.0806,7
AL,M,0.0806,8
AL,M,0.0806,8
AL,M,0.0806,9
AL,M,0.0806,10
AG,M,0.0807,8
AL,M,0.0807,8
AL,M,0.0807,8
AG,F,0.0808,8
AL,F,0.0808,8
AL,M,0.0808,8
AL,F,0.0808,9
AG,M,0.0809,7
AL,F,0.0809,8
AL,M,0.0809,8
AL,M,0.0809,8
AL,F,0.081,9
AL,F,0.081,11
AL,F,0.081,13
AL,M,0.0811,7
AL,M,0.0811,9
AL,M,0.0811,12
AL,F,0.0811,15
AL,M,0.0812,7
AL,F,0.0812,8
AL,F,0.0812,9
AL,F,0.0813,8
AG,M,0.0814,8
AL,F,0.0814,8
AL,M,0.0814,8
AG,F,0.0815,7
AL,M,0.0815,7
AL,M,0.0815,7
AL,M,0.0815,8
AL,M,0.0816,8
AL,M,0.0816,9
AL,M,0.0816,9
AL,M,0.0817,7
AL,M,0.0817,8
AG,F,0.0817,13
AL,M,0.0818,8
AG,F,0.0818,9
AL,F,0.0818,12
AL,F,0.0818,12
AL,F,0.0819,8
AL,M,0.0819,8
AL,M,0.082,8
AL,F,0.0821,8
AL,M,0.0821,8
AL,F,0.0821,9
AG,M,0.0822,7
AG,F,0.0822,8
AG,M,0.0822,8
AL,M,0.0822,8
AL,M,0.0822,8
AL,F,0.0823,10
AG,M,0.0824,7
AL,M,0.0824,7
AL,M,0.0824,8
AL,M,0.0824,9
AL,F,0.0825,8
AL,F,0.0825,15
AG,F,0.0826,8
AL,F,0.0826,9
AG,M,0.0827,7
AL,M,0.0827,7
AL,F,0.0827,12
AG,M,0.0828,7
AG,M,0.0829,7
AL,M,0.0829,9
AL,M,0.0829,9
AL,F,0.0829,11
AL,F,0.0829,12
AL,M,0.083,8
AL,M,0.083,8
AL,F,0.083,9
AL,F,0.083,11
AL,M,0.0831,7
AG,M,0.0831,8
AL,F,0.0831,12
AL,F,0.0832,7
AG,M,0.0832,8
AL,M,0.0832,8
AL,F,0.0832,9
AG,F,0.0832,13
AL,F,0.0832,13
AL,M,0.0832,15
AG,M,0.0833,7
AL,M,0.0833,7
AL,M,0.0833,8
AL,M,0.0833,8
AL,M,0.0834,8
AL,F,0.0834,14
AL,M,0.0835,8
AL,M,0.0835,8
AL,M,0.0835,8
AL,M,0.0835,8
AL,F,0.0835,9
AL,M,0.0835,9
AL,M,0.0835,9
AL,F,0.0835,10
AL,M,0.0835,11
AG,M,0.0836,7
AL,F,0.0836,8
AG,M,0.0836,10
AL,M,0.0837,8
AL,M,0.0837,8
AL,M,0.0837,8
AL,M,0.0837,9
AL,M,0.0838,7
AL,M,0.0838,8
AL,M,0.0838,8
AL,F,0.0838,9
AL,M,0.0838,9
AL,F,0.0839,8
AL,M,0.084,9
AL,F,0.084,10
AG,M,0.0841,7
AL,M,0.0841,7
AL,F,0.0841,8
AL,M,0.0841,8
AL,M,0.0841,8
AL,M,0.0841,8
AL,M,0.0842,7
AG,M,0.0842,8
AG,M,0.0842,9
AL,F,0.0842,13
AL,F,0.0842,14
AL,M,0.0842,16
AG,F,0.0843,9
AL,F,0.0843,11
AG,F,0.0844,7
AG,M,0.0844,7
AL,F,0.0844,8
AL,M,0.0844,9
AL,M,0.0846,8
AG,M,0.0847,7
AL,M,0.0847,7
AL,F,0.0847,11
AG,M,0.0848,7
AL,M,0.0848,8
AL,F,0.0848,9
AL,F,0.0848,12
AL,M,0.0849,8
AL,F,0.0849,9
AL,F,0.0849,9
AG,M,0.085,8
AL,F,0.085,8
AL,F,0.085,9
AG,M,0.0851,8
AL,F,0.0851,8
AL,M,0.0852,7
AG,M,0.0852,8
AL,F,0.0852,8
AL,F,0.0852,9
AL,F,0.0852,9
AL,F,0.0852,9
AG,M,0.0853,7
AL,M,0.0853,8
AL,F,0.0853,9
AL,M,0.0853,9
AL,F,0.0853,11
AL,M,0.0854,8
AL,M,0.0854,8
AL,M,0.0854,8
AL,F,0.0854,9
AL,M,0.0854,9
AL,M,0.0854,9
AG,F,0.0854,15
AL,M,0.0855,8
AL,M,0.0855,8
CQ,F,0.0856,8
AL,M,0.0856,9
AL,M,0.0856,9
AL,F,0.0856,11
AL,F,0.0856,13
AL,M,0.0857,9
AL,F,0.0857,11
AL,M,0.0858,8
AL,M,0.0858,8
AL,F,0.0858,9
AL,M,0.0858,9
AL,M,0.0858,9
AG,M,0.0859,8
AL,M,0.0859,8
AL,M,0.0859,8
AL,M,0.0859,9
CQ,F,0.0859,9
AG,M,0.086,7
AL,F,0.086,9
AL,F,0.086,9
AL,F,0.086,9
AL,F,0.086,9
AL,M,0.0861,7
AG,M,0.0861,8
AL,M,0.0861,8
AG,M,0.0862,8
AL,F,0.0862,10
AL,M,0.0863,7
AL,F,0.0863,9
AG,F,0.0863,10
AL,F,0.0863,11
AL,F,0.0864,8
AL,M,0.0864,8
AL,M,0.0864,8
AL,M,0.0864,8
AG,M,0.0864,9
AL,M,0.0865,8
AG,M,0.0865,9
AL,M,0.0865,9
AG,M,0.0866,8
AL,M,0.0867,8
AL,F,0.0867,9
AL,M,0.0867,9
AL,F,0.0867,10
AL,F,0.0867,10
AL,M,0.0868,8
AL,M,0.0868,8
AL,M,0.0868,8
AL,M,0.0868,8
AL,F,0.0868,11
AG,M,0.0869,8
AL,F,0.0869,8
AL,M,0.0869,9
AL,M,0.087,7
AL,M,0.087,7
AL,M,0.087,8
AL,M,0.087,8
AG,M,0.0871,8
AL,F,0.0871,9
AL,M,0.0871,9
AL,F,0.0871,12
AL,M,0.0872,7
AG,M,0.0872,8
AL,M,0.0872,8
AL,F,0.0872,9
AL,F,0.0872,9
AL,M,0.0872,10
AG,M,0.0873,8
AL,M,0.0873,8
AL,F,0.0873,9
AL,M,0.0873,9
AL,M,0.0873,9
AL,M,0.0873,13
AL,M,0.0873,14
AG,F,0.0874,7
AL,M,0.0874,8
AL,F,0.0874,9
AL,M,0.0874,9
AL,M,0.0875,8
AL,F,0.0875,9
AL,F,0.0875,9
AL,F,0.0875,11
AL,M,0.0876,8
AL,M,0.0876,8
AL,M,0.0876,8
AL,M,0.0876,9
AG,M,0.0877,7
AL,M,0.0877,8
AG,F,0.0877,10
AL,F,0.0877,11
AG,M,0.0877,13
AL,M,0.0878,7
AG,F,0.0878,8
AL,M,0.0878,8
AL,M,0.0878,8
AL,M,0.0878,8
AL,F,0.0878,9
AG,M,0.0879,12
AL,M,0.088,7
AG,F,0.088,8
AG,F,0.088,9
AL,F,0.088,9
AG,F,0.088,11
AL,F,0.088,12
AG,F,0.088,13
AL,M,0.0881,7
AG,M,0.0881,12
AG,M,0.0882,7
AG,M,0.0882,7
AL,M,0.0882,7
AL,F,0.0882,9
AL,M,0.0882,9
AL,F,0.0882,10
AL,M,0.0882,10
AL,M,0.0883,7
AL,M,0.0883,8
AL,M,0.0883,8
AL,M,0.0883,10
AG,F,0.0884,7
AL,M,0.0884,7
AL,M,0.0884,8
AG,M,0.0885,8
AL,F,0.0885,8
AL,F,0.0885,8
AL,M,0.0885,8
AL,M,0.0885,8
AG,M,0.0885,9
CQ,M,0.0885,10
AG,M,0.0886,7
AL,M,0.0887,7
AG,M,0.0887,8
AL,M,0.0887,8
AL,M,0.0887,8
AL,M,0.0887,9
AL,F,0.0887,10
AL,M,0.0888,7
AL,M,0.0888,8
AG,F,0.0889,7
AG,M,0.0889,7
AG,M,0.0889,7
AL,M,0.0889,8
AL,M,0.0889,8
AG,M,0.0889,9
AL,F,0.0889,9
AL,F,0.0889,10
AL,F,0.0889,14
AG,M,0.089,8
AL,M,0.089,8
AL,M,0.089,8
AL,F,0.089,9
AL,M,0.089,9
AG,M,0.0891,7
AL,M,0.0891,8
AG,M,0.0891,9
AL,F,0.0891,10
AL,F,0.0891,14
AG,F,0.0892,7
AL,M,0.0892,7
AL,M,0.0892,8
AL,F,0.0892,9
AL,F,0.0892,10
AG,M,0.0893,7
AL,F,0.0893,8
AL,M,0.0893,8
AL,M,0.0893,8
AL,F,0.0893,9
AG,M,0.0893,10
AG,M,0.0894,6
AL,F,0.0894,9
AL,F,0.0894,12
AG,F,0.0894,16
AG,M,0.0895,7
AG,M,0.0895,8
AL,M,0.0895,8
AG,F,0.0895,15
AL,M,0.0896,7
AL,M,0.0896,9
AL,M,0.0896,9
AL,F,0.0897,7
AG,M,0.0897,8
AL,F,0.0897,10
AL,F,0.0898,7
AL,F,0.0898,9
AG,F,0.0899,7
AL,M,0.0899,8
AL,F,0.0899,9
AL,F,0.0899,9
AG,M,0.09,6
AG,F,0.09,8
AG,M,0.09,8
AL,M,0.09,8
AL,M,0.09,8
AL,M,0.09,9
AL,M,0.09,9
AG,F,0.0901,7
AL,F,0.0901,8
AG,F,0.0901,9
AG,M,0.0901,12
AL,F,0.0901,13
AL,F,0.0902,8
AL,M,0.0902,8
AL,M,0.0902,8
AL,M,0.0902,8
CQ,F,0.0902,8
AL,F,0.0902,9
AL,M,0.0902,9
AG,M,0.0903,7
AG,M,0.0903,8
AL,F,0.0903,8
AL,M,0.0903,8
AL,M,0.0903,9
AG,M,0.0904,7
AG,M,0.0904,8
AL,F,0.0904,8
AL,M,0.0904,8
AL,M,0.0904,8
AL,M,0.0904,8
AG,M,0.0905,9
AG,F,0.0905,11
CQ,F,0.0906,8
AL,F,0.0906,10
AG,M,0.0906,15
AG,M,0.0907,7
AG,M,0.0907,7
AL,M,0.0907,7
AL,M,0.0907,8
AL,M,0.0907,8
AL,M,0.0907,8
CQ,F,0.0907,8
AL,M,0.0907,9
AG,M,0.0908,7
CQ,F,0.0908,8
AL,F,0.0908,9
AL,F,0.0908,12
AG,F,0.0908,13
AG,F,0.0909,7
AL,M,0.0909,7
AL,F,0.0909,8
AL,F,0.0909,8
AL,M,0.0909,8
AL,F,0.0909,10
AL,F,0.0909,11
AG,M,0.091,7
AL,M,0.091,7
AG,M,0.091,8
AL,M,0.091,8
CQ,F,0.091,10
AG,M,0.0911,7
AG,M,0.0911,8
AL,M,0.0911,8
CQ,F,0.0911,8
AG,M,0.0911,9
AG,M,0.0911,9
AL,F,0.0911,9
AL,F,0.0911,9
AL,M,0.0911,9
CQ,F,0.0911,9
AG,M,0.0912,7
AG,M,0.0912,7
AL,M,0.0912,7
AG,M,0.0912,9
AL,F,0.0912,10
AL,M,0.0913,7
AG,F,0.0913,8
AL,F,0.0913,8
AL,M,0.0913,8
AL,M,0.0913,9
AG,M,0.0914,8
AG,M,0.0914,8
AL,F,0.0914,8
AL,M,0.0914,8
AL,M,0.0914,8
CQ,F,0.0914,8
AL,F,0.0914,9
AL,M,0.0914,9
AG,M,0.0915,7
AL,M,0.0915,7
AL,M,0.0915,7
AG,F,0.0915,8
AG,M,0.0915,9
CQ,F,0.0915,9
CQ,F,0.0915,9
AG,F,0.0915,10
AG,M,0.0916,6
AL,M,0.0916,8
AL,M,0.0916,9
AG,M,0.0917,8
AL,F,0.0917,8
AL,M,0.0917,8
AL,M,0.0917,8
AL,F,0.0917,9
AL,F,0.0917,10
AL,M,0.0917,11
AL,M,0.0918,7
AG,M,0.0918,8
AG,M,0.0918,8
AL,M,0.0918,8
AL,F,0.0918,9
AL,F,0.0918,9
AG,M,0.0919,7
AG,M,0.0919,8
AL,F,0.0919,8
AL,F,0.0919,8
AL,F,0.0919,8
AL,M,0.0919,8
AL,M,0.0919,8
AL,F,0.0919,9
AL,F,0.0919,9
AL,F,0.0919,9
AL,M,0.0919,9
AG,M,0.092,6
AL,M,0.092,8
AL,M,0.092,8
AL,F,0.092,9
AL,M,0.0921,8
AL,M,0.0921,8
AL,M,0.0921,8
AG,F,0.0921,11
AG,M,0.0922,8
AL,F,0.0922,8
AL,M,0.0922,8
AL,F,0.0922,9
AG,M,0.0923,7
AG,M,0.0923,7
AG,M,0.0923,7
AL,M,0.0923,8
AL,M,0.0923,8
AG,M,0.0923,9
AL,F,0.0923,9
AL,F,0.0924,8
AL,M,0.0924,8
AL,F,0.0924,9
AL,F,0.0924,9
AL,M,0.0924,10
AG,F,0.0924,12
AL,F,0.0925,8
AL,F,0.0925,8
AL,M,0.0925,8
AL,M,0.0925,8
AG,F,0.0925,9
AL,F,0.0925,9
AL,F,0.0925,10
AG,M,0.0926,8
AL,F,0.0926,8
AL,F,0.0926,8
AG,F,0.0926,9
AL,F,0.0926,9
AL,F,0.0926,9
AG,M,0.0927,7
AG,M,0.0927,8
AL,F,0.0927,8
AL,M,0.0927,8
AL,F,0.0927,9
AG,M,0.0928,7
AG,M,0.0928,7
AL,F,0.0928,8
AL,M,0.0928,8
AL,M,0.0928,8
AL,F,0.0928,9
AL,F,0.0928,9
AG,F,0.0929,8
AG,M,0.0929,8
AG,M,0.0929,8
AL,F,0.0929,8
AL,M,0.0929,8
AL,M,0.0929,8
AL,M,0.0929,8
AL,M,0.0929,8
AL,F,0.0929,9
AG,F,0.0929,10
AL,M,0.093,7
AG,M,0.093,8
AL,M,0.093,8
AG,M,0.093,9
AG,M,0.093,9
AL,F,0.093,10
CQ,F,0.093,10
AG,M,0.0931,7
AG,M,0.0931,7
AG,M,0.0931,8
AL,M,0.0931,8
AL,M,0.0931,8
AG,F,0.0932,8
AL,M,0.0932,8
AL,M,0.0932,8
AL,M,0.0932,8
CQ,F,0.0932,8
AL,M,0.0932,9
AL,M,0.0932,10
AG,M,0.0933,7
AG,F,0.0933,8
AG,M,0.0933,8
AL,F,0.0933,8
AL,M,0.0933,8
AL,F,0.0933,9
AG,F,0.0933,12
AG,F,0.0934,7
AG,M,0.0934,7
AG,M,0.0934,7
CQ,F,0.0934,9
AG,M,0.0935,7
AL,M,0.0935,9
AL,M,0.0935,9
AG,M,0.0936,7
AG,M,0.0936,7
AL,M,0.0936,7
AL,M,0.0936,7
AG,M,0.0936,8
AG,F,0.0936,10
AG,M,0.0937,7
AL,F,0.0937,7
AG,F,0.0937,8
AG,M,0.0937,8
AL,M,0.0937,8
AL,M,0.0937,8
AL,M,0.0937,8
AL,F,0.0937,9
AG,M,0.0938,7
AL,F,0.0938,7
CQ,M,0.0938,7
AG,M,0.0938,8
AG,M,0.0938,8
AG,M,0.0938,8
AL,F,0.0938,8
AL,M,0.0938,8
AL,M,0.0938,8
AG,M,0.0938,9
AL,F,0.0938,9
AL,M,0.0938,9
AG,F,0.0939,8
AG,M,0.0939,8
AG,M,0.0939,8
AL,M,0.0939,8
AL,M,0.0939,8
CQ,F,0.0939,8
AG,M,0.0939,9
AL,F,0.0939,9
AL,M,0.0939,9
AG,F,0.0939,10
AL,M,0.0939,10
CQ,F,0.0939,10
AL,F,0.0939,13
AG,F,0.094,8
AL,F,0.094,8
AL,M,0.094,8
AL,M,0.094,8
AG,M,0.094,9
AL,F,0.094,9
AG,M,0.0941,7
AL,M,0.0941,7
AG,F,0.0941,8
AL,F,0.0941,8
AL,M,0.0941,8
AL,M,0.0941,8
AL,F,0.0941,9
AL,F,0.0941,10
AG,M,0.0942,7
AG,F,0.0942,8
AG,M,0.0942,8
AG,M,0.0942,8
AL,M,0.0942,8
AL,M,0.0942,8
AL,F,0.0942,9
AL,M,0.0942,10
AL,F,0.0942,15
AG,M,0.0943,7
AL,M,0.0943,7
AL,M,0.0943,8
AL,F,0.0943,9
AL,M,0.0943,9
AG,M,0.0943,10
AL,F,0.0943,10
AG,M,0.0944,6
AG,F,0.0944,8
AG,M,0.0944,8
AG,M,0.0944,8
AL,M,0.0944,8
AL,M,0.0944,9
AG,M,0.0945,7
AL,M,0.0945,7
AG,M,0.0945,8
AG,M,0.0945,8
AL,M,0.0945,8
AL,M,0.0945,8
AL,F,0.0945,9
AL,M,0.0945,9
AL,M,0.0945,10
AL,M,0.0946,7
AG,F,0.0946,8
AL,M,0.0946,8
AL,F,0.0946,10
AG,F,0.0947,7
AG,M,0.0947,7
AL,M,0.0947,7
AG,M,0.0947,8
AL,F,0.0947,8
AL,F,0.0947,8
AL,M,0.0947,8
AG,M,0.0947,9
AL,M,0.0947,9
AG,M,0.0948,7
AG,M,0.0948,8
AL,F,0.0948,8
AL,M,0.0948,8
AL,M,0.0948,8
CQ,F,0.0948,9
AG,M,0.0949,7
AG,M,0.0949,7
AG,M,0.0949,7
AG,M,0.0949,7
AG,M,0.0949,8
AG,F,0.095,7
AG,M,0.095,7
AG,M,0.095,7
AL,M,0.095,7
AG,F,0.095,8
AG,M,0.095,8
AG,M,0.095,8
AL,F,0.095,8
AL,F,0.095,8
AL,M,0.095,8
AL,M,0.095,8
AG,F,0.0951,8
AG,F,0.0951,8
AL,F,0.0951,8
AL,F,0.0951,8
AL,F,0.0951,8
AL,M,0.0951,8
AL,M,0.0951,8
AG,M,0.0951,9
AG,M,0.0951,9
AL,F,0.0951,9
AL,F,0.0951,9
AL,F,0.0951,9
AL,F,0.0951,9
AL,F,0.0951,10
AG,F,0.0951,12
AG,M,0.0951,15
AG,M,0.0952,7
AG,M,0.0952,8
AL,M,0.0952,8
AL,F,0.0952,9
AL,M,0.0952,9
CQ,F,0.0952,14
AG,F,0.0953,7
AG,M,0.0953,7
AG,M,0.0953,7
AG,F,0.0953,8
AL,M,0.0953,8
AL,F,0.0953,9
AL,M,0.0953,9
AG,M,0.0954,7
AG,M,0.0954,7
AG,M,0.0954,7
AG,M,0.0954,8
AG,M,0.0954,8
AG,M,0.0954,8
AL,M,0.0954,8
AL,M,0.0954,8
AG,F,0.0954,9
AL,M,0.0954,9
AL,F,0.0954,10
AG,M,0.0955,7
AG,M,0.0955,8
AG,M,0.0955,8
AL,M,0.0955,8
AL,M,0.0955,8
AG,M,0.0956,7
AG,F,0.0956,8
AG,M,0.0956,8
AL,F,0.0956,8
AL,M,0.0956,8
AG,F,0.0956,9
AG,F,0.0956,9
AL,M,0.0956,9
AG,M,0.0957,7
AG,M,0.0957,7
AG,M,0.0957,8
AG,M,0.0957,8
AL,M,0.0957,8
AL,F,0.0957,10
AG,M,0.0958,7
AG,M,0.0958,8
AG,M,0.0958,8
AL,F,0.0958,8
AL,M,0.0958,8
AL,M,0.0958,8
AG,F,0.0958,9
AL,M,0.0958,9
AL,M,0.0958,9
AL,F,0.0958,12
AL,M,0.0959,8
AL,M,0.0959,8
CQ,M,0.0959,8
CQ,F,0.0959,10
AG,M,0.0959,12
AG,M,0.096,8
AL,F,0.096,8
AL,M,0.096,8
AL,M,0.096,8
AL,M,0.096,8
AL,F,0.096,10
AG,F,0.096,11
AL,F,0.096,11
AG,M,0.096,13
AG,M,0.0961,8
AG,M,0.0961,8
AL,M,0.0961,8
AL,M,0.0961,8
AG,M,0.0961,9
AL,M,0.0961,9
AL,M,0.0961,9
CQ,M,0.0961,10
AG,F,0.0962,7
AG,M,0.0962,7
AG,M,0.0962,8
AL,F,0.0962,8
AL,M,0.0962,8
AG,M,0.0962,9
AG,M,0.0962,9
AL,F,0.0962,9
CQ,F,0.0962,9
AG,F,0.0962,11
AG,M,0.0963,6
AG,F,0.0963,7
AG,M,0.0963,7
AG,F,0.0963,8
AG,F,0.0963,8
AG,M,0.0963,8
AL,F,0.0963,8
AL,M,0.0963,8
AL,M,0.0963,9
AG,M,0.0964,6
AG,F,0.0964,7
AG,M,0.0964,7
AL,F,0.0964,8
AL,M,0.0964,8
AL,M,0.0964,8
CQ,F,0.0964,8
AL,F,0.0964,9
AL,F,0.0964,9
AL,F,0.0964,10
AG,F,0.0964,12
AG,M,0.0965,7
AG,M,0.0965,7
AG,F,0.0965,8
AG,M,0.0965,8
AG,F,0.0965,9
AL,F,0.0965,9
AG,F,0.0965,10
AG,F,0.0966,7
AG,F,0.0966,7
AG,M,0.0966,8
AL,F,0.0966,8
AL,M,0.0966,8
AG,M,0.0966,9
AL,F,0.0966,9
AL,M,0.0966,9
AG,M,0.0967,7
AG,F,0.0967,8
AG,M,0.0967,8
AL,M,0.0967,8
AL,F,0.0967,11
AL,F,0.0968,8
AL,F,0.0968,8
AL,M,0.0968,8
AL,F,0.0968,9
AL,F,0.0968,9
AL,M,0.0968,9
AG,M,0.0969,8
AG,M,0.0969,8
AL,F,0.0969,8
AL,M,0.0969,8
CQ,F,0.0969,8
AG,F,0.097,7
AL,M,0.097,7
AL,M,0.097,7
AG,F,0.097,8
AL,F,0.097,9
AL,M,0.097,10
AG,F,0.0971,7
AG,M,0.0971,7
AG,F,0.0971,8
AG,M,0.0971,8
AG,M,0.0971,8
AG,M,0.0971,8
CQ,F,0.0971,9
AG,M,0.0972,7
AL,M,0.0972,7
AG,F,0.0972,8
AG,M,0.0972,8
AL,M,0.0972,8
AL,M,0.0972,8
AL,M,0.0972,9
AG,M,0.0973,7
AG,M,0.0973,7
AG,M,0.0973,8
AL,F,0.0973,8
AL,M,0.0973,8
AL,M,0.0973,8
CQ,M,0.0973,8
AG,F,0.0973,9
AL,M,0.0973,9
CQ,M,0.0973,9
AG,F,0.0974,7
AG,M,0.0974,8
AL,F,0.0974,8
AL,F,0.0974,8
AL,F,0.0974,8
AL,F,0.0974,8
AL,M,0.0974,8
AL,M,0.0974,8
AL,M,0.0974,8
AL,M,0.0974,13
AG,M,0.0975,7
AL,M,0.0975,7
AG,F,0.0975,8
AG,F,0.0975,8
AG,F,0.0975,8
AL,M,0.0975,8
AL,M,0.0975,8
AL,M,0.0975,8
AL,M,0.0975,8
AG,F,0.0975,9
AL,F,0.0975,9
AG,F,0.0975,11
AG,M,0.0976,7
AG,M,0.0976,7
AG,M,0.0976,7
AL,M,0.0976,7
AG,F,0.0976,8
AG,F,0.0976,8
AG,M,0.0976,8
AL,M,0.0976,8
AL,M,0.0976,8
AL,M,0.0976,8
AG,M,0.0976,9
AL,M,0.0976,9
AG,F,0.0976,11
AG,M,0.0977,7
AG,M,0.0977,7
AG,M,0.0977,8
AG,M,0.0977,8
AL,F,0.0977,8
AL,M,0.0977,8
AG,F,0.0977,9
AL,F,0.0977,9
AL,M,0.0977,9
AL,M,0.0978,7
AG,F,0.0978,8
AG,M,0.0978,8
AL,M,0.0978,8
AG,M,0.0979,7
AG,F,0.0979,8
AG,F,0.0979,8
AL,F,0.0979,8
AL,M,0.0979,8
AL,M,0.0979,8
AG,M,0.0979,9
AG,M,0.0979,9
AL,F,0.0979,9
AG,F,0.098,7
AG,M,0.098,7
AG,M,0.098,7
AG,M,0.098,7
AG,F,0.098,8
AL,M,0.098,8
CQ,F,0.098,8
AG,F,0.098,9
AL,M,0.098,9
AL,F,0.098,13
AG,M,0.0981,6
CQ,M,0.0981,7
AG,F,0.0981,8
AL,F,0.0981,8
CQ,F,0.0981,8
AG,F,0.0981,9
AL,M,0.0981,9
CQ,F,0.0981,9
AG,M,0.0982,7
AG,M,0.0982,8
AG,M,0.0982,8
AL,F,0.0982,9
AL,M,0.0982,9
AG,F,0.0982,10
AG,F,0.0983,7
CQ,M,0.0983,7
AG,M,0.0983,8
AL,M,0.0983,8
AG,F,0.0984,7
AL,M,0.0984,8
AG,F,0.0984,9
AG,M,0.0984,9
AG,M,0.0984,9
CQ,F,0.0984,9
AG,M,0.0985,7
AG,F,0.0985,8
AG,M,0.0985,8
AG,M,0.0985,8
AL,F,0.0985,8
AL,M,0.0985,8
AL,F,0.0985,9
AL,M,0.0985,9
CQ,F,0.0985,9
AG,M,0.0986,7
AG,M,0.0986,7
AG,M,0.0986,8
AG,M,0.0986,8
AL,F,0.0986,8
AL,M,0.0986,8
AL,F,0.0986,9
AL,F,0.0986,15
AG,F,0.0987,8
AG,M,0.0987,8
AG,M,0.0987,8
AL,F,0.0987,8
AL,M,0.0987,8
AL,F,0.0987,9
AG,F,0.0988,8
AG,M,0.0988,8
AG,M,0.0988,8
AL,F,0.0988,8
AL,M,0.0988,8
AL,F,0.0988,9
AL,F,0.0988,9
AL,F,0.0988,9
AL,F,0.0988,9
AL,M,0.0988,9
AL,F,0.0988,11
AG,M,0.0989,7
AG,M,0.0989,8
AL,M,0.0989,8
CQ,F,0.0989,8
AG,F,0.0989,9
AL,M,0.0989,9
AL,F,0.0989,15
AG,M,0.099,7
AG,M,0.099,7
AG,M,0.099,7
AL,M,0.099,7
AG,F,0.099,8
AG,F,0.099,8
CQ,F,0.099,8
CQ,F,0.099,8
AG,F,0.099,9
AL,F,0.099,9
AL,F,0.099,9
CQ,F,0.099,9
AL,F,0.099,10
AL,F,0.099,10
AG,M,0.0991,7
AG,M,0.0991,7
AL,M,0.0991,7
AL,M,0.0991,7
AL,M,0.0991,7
AG,M,0.0991,8
AG,M,0.0991,8
AL,M,0.0991,8
AL,M,0.0991,8
CQ,F,0.0991,10
AG,F,0.0992,7
AG,M,0.0992,7
AG,M,0.0992,7
AG,M,0.0992,7
AL,M,0.0992,7
AG,F,0.0992,8
AG,M,0.0992,8
AG,M,0.0992,8
AL,F,0.0992,8
AL,M,0.0992,8
AL,M,0.0992,8
AL,M,0.0992,8
AL,F,0.0992,9
AL,F,0.0992,12
AG,M,0.0993,7
AL,F,0.0993,8
AL,M,0.0993,8
AL,M,0.0993,8
AL,M,0.0993,8
CQ,F,0.0993,9
AG,F,0.0993,10
AG,M,0.0994,7
AG,M,0.0994,7
AG,F,0.0994,8
AG,M,0.0994,8
AL,M,0.0994,8
AG,M,0.0994,9
AG,M,0.0994,9
AL,F,0.0994,9
AL,M,0.0994,9
AL,M,0.0994,9
CQ,M,0.0994,9
AL,F,0.0994,10
CQ,M,0.0994,10
AG,F,0.0995,7
AG,M,0.0995,7
AG,M,0.0995,7
AG,F,0.0995,8
AG,F,0.0995,8
AG,M,0.0995,8
AL,M,0.0995,8
AG,F,0.0995,9
AL,M,0.0995,9
AL,F,0.0995,10
AG,M,0.0996,7
AL,M,0.0996,7
AL,M,0.0996,7
AG,F,0.0996,8
AG,M,0.0996,8
AG,M,0.0996,8
AL,F,0.0996,8
AL,M,0.0996,8
AL,M,0.0996,8
AG,M,0.0996,9
AG,F,0.0997,8
AG,F,0.0997,8
AG,F,0.0997,8
AL,F,0.0997,8
AL,M,0.0997,8
AG,M,0.0997,9
AL,F,0.0997,9
AL,M,0.0997,9
AG,M,0.0998,7
AL,M,0.0998,7
AG,M,0.0998,8
AG,M,0.0998,8
AL,F,0.0998,8
AL,M,0.0998,8
AL,M,0.0998,8
AL,M,0.0998,8
AL,M,0.0998,8
AL,M,0.0998,8
AL,F,0.0998,9
AG,M,0.0999,7
AG,M,0.0999,7
AL,F,0.0999,7
AG,F,0.0999,8
AG,F,0.0999,8
AG,M,0.0999,8
AL,M,0.0999,8
AL,M,0.0999,8
AL,M,0.0999,8
AG,M,0.1,7
AG,M,0.1,7
AG,M,0.1,7
AG,M,0.1,8
AG,M,0.1,8
AL,F,0.1,8
AL,F,0.1,8
AL,M,0.1,8
AL,M,0.1,8
AL,M,0.1,8
CQ,F,0.1,8
CQ,F,0.1,9
AG,M,0.1,12
AG,F,0.1001,7
AG,M,0.1001,7
AG,M,0.1001,8
AG,M,0.1001,8
AL,F,0.1001,8
AL,M,0.1001,8
AL,M,0.1001,8
CQ,F,0.1001,8
AG,F,0.1001,9
AG,F,0.1001,9
AL,F,0.1001,9
AL,F,0.1001,10
AG,M,0.1002,7
AG,M,0.1002,7
AL,M,0.1002,8
CQ,M,0.1002,8
CQ,M,0.1002,8
CQ,M,0.1002,8
AG,M,0.1002,9
CQ,F,0.1002,9
AG,F,0.1003,6
AG,M,0.1003,7
AL,M,0.1003,7
AL,M,0.1003,8
CQ,F,0.1003,8
CQ,F,0.1003,9
AG,M,0.1004,7
AG,M,0.1004,7
AG,F,0.1004,8
AG,M,0.1004,8
AG,M,0.1004,8
AG,M,0.1004,8
AL,M,0.1004,8
CQ,M,0.1004,8
AG,M,0.1004,9
AL,M,0.1004,9
AL,F,0.1004,10
CQ,F,0.1004,13
AG,F,0.1005,7
AG,M,0.1005,8
AL,M,0.1005,8
AL,M,0.1005,8
CQ,M,0.1005,8
AL,F,0.1005,9
AL,M,0.1005,9
AL,M,0.1005,9
AL,M,0.1005,9
AG,M,0.1006,7
AL,M,0.1006,7
AG,M,0.1006,8
AG,M,0.1006,8
AG,M,0.1006,8
AL,M,0.1006,8
AL,F,0.1006,9
CQ,F,0.1006,9
AG,F,0.1007,7
AG,M,0.1007,7
AG,M,0.1007,7
AG,M,0.1007,7
AL,M,0.1007,7
AG,M,0.1007,8
AL,M,0.1007,8
AL,M,0.1007,8
CQ,F,0.1007,8
CQ,F,0.1007,8
CQ,F,0.1007,9
AG,M,0.1008,7
AG,M,0.1008,7
AL,M,0.1008,7
CQ,F,0.1008,7
AL,F,0.1008,8
AL,M,0.1008,8
CQ,F,0.1008,8
CQ,F,0.1008,8
AG,F,0.1008,9
AL,F,0.1008,9
AG,M,0.1009,6
AG,M,0.1009,7
CQ,M,0.1009,7
AG,M,0.1009,8
AL,F,0.1009,8
AL,M,0.1009,8
AL,M,0.1009,8
AL,M,0.1009,8
AG,F,0.1009,9
AL,M,0.1009,9
AL,F,0.1009,14
AG,M,0.101,7
AG,F,0.101,8
AG,M,0.101,8
AL,F,0.101,8
AL,F,0.101,8
AL,M,0.101,8
AL,M,0.101,8
AL,M,0.101,8
AL,M,0.101,8
AL,M,0.101,8
AG,F,0.101,9
AG,F,0.101,9
AG,M,0.101,9
AL,F,0.101,9
AL,F,0.101,9
AL,F,0.101,9
CQ,M,0.101,9
AG,F,0.1011,7
AG,F,0.1011,8
AG,M,0.1011,8
AL,F,0.1011,8
AL,F,0.1011,8
AL,M,0.1011,8
AL,M,0.1011,8
CQ,M,0.1011,8
AG,F,0.1011,9
AG,M,0.1011,9
AL,F,0.1011,9
AL,F,0.1011,9
AL,M,0.1011,9
AG,F,0.1012,8
AG,M,0.1012,8
CQ,F,0.1012,8
AG,F,0.1012,9
AG,M,0.1012,9
CQ,F,0.1012,9
CQ,F,0.1012,9
AG,M,0.1013,7
AG,F,0.1013,8
AG,F,0.1013,8
AG,M,0.1013,8
AL,F,0.1013,8
AL,M,0.1013,8
AL,M,0.1013,8
AL,M,0.1013,8
AG,M,0.1013,9
AL,F,0.1013,9
AL,M,0.1013,9
AG,M,0.1014,7
AG,M,0.1014,7
AG,M,0.1014,7
AL,M,0.1014,8
AL,M,0.1014,8
AL,M,0.1014,8
AG,F,0.1014,9
AL,M,0.1014,9
CQ,F,0.1014,9
AL,F,0.1014,10
AL,M,0.1014,10
AG,M,0.1015,7
AG,M,0.1015,7
AG,M,0.1015,7
AL,M,0.1015,7
CQ,M,0.1015,7
AG,F,0.1015,8
AG,F,0.1015,8
AG,M,0.1015,8
AG,M,0.1015,8
AL,M,0.1015,8
CQ,F,0.1015,8
AG,M,0.1015,9
AL,F,0.1015,9
CQ,M,0.1016,7
AG,M,0.1016,8
CQ,F,0.1016,8
CQ,F,0.1016,8
AG,F,0.1016,12
AG,F,0.1017,7
AG,M,0.1017,7
AG,M,0.1017,7
AG,F,0.1017,8
AG,M,0.1017,8
AL,F,0.1017,8
AL,M,0.1017,8
AG,F,0.1017,9
AG,M,0.1017,9
AL,M,0.1017,9
AL,F,0.1017,11
AL,F,0.1017,11
AG,M,0.1017,12
AG,M,0.1018,7
AG,M,0.1018,7
AG,M,0.1018,7
AG,F,0.1018,8
AG,F,0.1018,8
AG,F,0.1018,8
AG,M,0.1018,8
AL,F,0.1018,8
AL,M,0.1018,8
AL,M,0.1018,8
AL,M,0.1018,8
AG,M,0.1018,9
AL,M,0.1018,9
CQ,F,0.1018,13
AG,M,0.1019,7
AG,M,0.1019,7
AG,F,0.1019,8
AG,F,0.1019,8
CQ,F,0.1019,8
CQ,F,0.1019,8
AL,F,0.1019,9
CQ,F,0.1019,9
CQ,F,0.1019,10
AG,F,0.1019,11
AG,M,0.102,7
AL,M,0.102,7
AL,M,0.102,7
AG,F,0.102,8
AG,F,0.102,8
AG,M,0.102,8
AG,M,0.102,8
AL,F,0.102,8
AL,M,0.102,8
AL,M,0.102,8
AG,F,0.102,9
AL,F,0.102,9
AG,F,0.102,14
CQ,M,0.102,15
AG,F,0.1021,8
AG,M,0.1021,8
AG,M,0.1021,8
AL,M,0.1021,8
CQ,M,0.1021,8
AG,M,0.1021,9
AL,F,0.1021,9
AL,F,0.1021,9
CQ,M,0.1021,9
AG,F,0.1022,6
AG,M,0.1022,7
AG,F,0.1022,8
AG,F,0.1022,8
AG,F,0.1022,8
AG,M,0.1022,8
AG,M,0.1022,8
AG,M,0.1022,8
AL,M,0.1022,8
AL,M,0.1022,8
CQ,M,0.1022,8
AG,F,0.1022,9
AL,M,0.1022,9
AL,F,0.1022,10
AG,M,0.1023,7
AG,M,0.1023,7
AG,M,0.1023,8
AG,M,0.1023,8
AL,M,0.1023,8
AG,M,0.1023,9
AL,F,0.1023,9
AL,F,0.1023,9
AG,F,0.1023,13
AG,M,0.1024,7
AL,M,0.1024,7
AL,M,0.1024,7
AG,F,0.1024,8
AG,M,0.1024,8
AG,M,0.1024,8
AL,M,0.1024,8
CQ,F,0.1024,8
AL,F,0.1024,9
AL,M,0.1024,9
CQ,F,0.1024,9
AG,M,0.1025,7
AG,M,0.1025,7
AL,M,0.1025,7
AG,F,0.1025,8
AG,M,0.1025,8
AG,M,0.1025,8
AL,M,0.1025,8
AL,M,0.1025,8
CQ,F,0.1025,8
AG,F,0.1025,9
AG,M,0.1025,9
AG,M,0.1025,9
AL,F,0.1025,9
AL,M,0.1025,9
AG,M,0.1026,7
AG,M,0.1026,7
AG,F,0.1026,8
AL,M,0.1026,8
CQ,F,0.1026,8
AG,M,0.1026,9
AG,M,0.1027,7
AG,F,0.1027,8
AG,M,0.1027,8
AL,M,0.1027,8
AG,F,0.1027,9
AG,F,0.1027,9
AG,M,0.1027,9
AL,F,0.1027,9
AL,F,0.1027,9
AL,F,0.1027,11
AG,M,0.1028,7
AG,M,0.1028,7
AG,M,0.1028,7
AL,M,0.1028,7
AG,M,0.1028,8
AL,M,0.1028,8
AL,M,0.1028,9
CQ,M,0.1028,12
AG,F,0.1029,7
AG,M,0.1029,7
AG,M,0.1029,7
CQ,M,0.1029,7
CQ,M,0.1029,8
AL,M,0.1029,9
AL,M,0.1029,10
AG,M,0.103,7
AG,M,0.103,7
AG,M,0.103,7
AG,M,0.103,7
AG,M,0.103,8
AG,M,0.103,8
AL,M,0.103,8
AL,M,0.103,8
CQ,M,0.103,8
CQ,M,0.103,8
CQ,F,0.103,9
AG,F,0.1031,7
AG,M,0.1031,7
AG,M,0.1031,8
AG,M,0.1031,8
AG,M,0.1031,8
AL,M,0.1031,8
AL,M,0.1031,8
CQ,F,0.1031,8
AG,M,0.1031,9
CQ,F,0.1031,9
AG,M,0.1032,6
AG,F,0.1032,7
AG,F,0.1032,7
AG,M,0.1032,7
AL,M,0.1032,7
AL,M,0.1032,7
CQ,M,0.1032,7
AG,F,0.1032,8
AG,F,0.1032,8
AG,F,0.1032,8
AG,F,0.1032,8
AG,M,0.1032,8
AG,M,0.1032,8
AL,M,0.1032,8
AL,M,0.1032,8
CQ,F,0.1032,8
AG,F,0.1032,9
AL,F,0.1032,12
AG,F,0.1033,7
AG,F,0.1033,8
CQ,F,0.1033,8
CQ,M,0.1033,8
AL,F,0.1033,9
AG,F,0.1034,7
AG,M,0.1034,7
AL,F,0.1034,8
AL,M,0.1034,8
CQ,M,0.1034,8
AL,F,0.1034,9
AL,M,0.1034,9
CQ,F,0.1034,9
AG,M,0.1035,7
AG,M,0.1035,7
AG,M,0.1035,8
AL,M,0.1035,8
CQ,F,0.1035,8
AG,M,0.1035,9
AG,F,0.1036,7
AG,M,0.1036,7
AG,M,0.1036,7
AG,M,0.1036,8
AL,M,0.1036,9
AG,M,0.1037,7
AL,M,0.1037,7
AL,M,0.1037,8
AG,F,0.1037,9
AL,F,0.1037,9
AL,M,0.1037,9
AG,M,0.1038,7
AL,M,0.1038,7
CQ,M,0.1038,7
AG,M,0.1038,8
AG,M,0.1038,8
CQ,F,0.1038,8
CQ,F,0.1038,8
CQ,M,0.1038,8
AL,M,0.1039,7
AL,M,0.1039,7
AG,M,0.1039,8
AG,M,0.1039,8
AL,F,0.1039,8
AL,M,0.1039,8
AL,M,0.1039,8
CQ,F,0.1039,9
AG,F,0.104,7
AG,F,0.104,7
AG,M,0.104,7
AG,M,0.104,7
AG,M,0.104,7
AG,F,0.104,8
AG,M,0.104,8
AL,F,0.104,8
AL,F,0.104,8
AL,M,0.104,8
AL,M,0.104,9
AG,M,0.1041,6
AG,M,0.1041,7
AL,M,0.1041,7
CQ,M,0.1041,7
AG,F,0.1041,8
AL,F,0.1041,8
AL,M,0.1041,8
AG,F,0.1041,9
AL,M,0.1041,9
CQ,M,0.1041,11
AG,F,0.1042,7
AG,M,0.1042,7
AG,M,0.1042,7
AG,M,0.1042,7
AG,M,0.1042,7
AL,M,0.1042,7
AG,F,0.1042,8
AG,M,0.1042,8
AL,M,0.1042,8
AL,M,0.1042,8
AL,M,0.1042,8
CQ,M,0.1042,8
AG,M,0.1042,9
CQ,F,0.1042,9
CQ,M,0.1042,9
CQ,M,0.1042,9
AG,F,0.1042,10
AG,F,0.1042,14
AG,F,0.1043,7
AG,M,0.1043,7
AG,M,0.1043,7
AG,M,0.1043,7
AG,F,0.1043,8
AL,F,0.1043,8
AL,M,0.1043,8
AL,M,0.1043,8
CQ,F,0.1043,8
CQ,M,0.1043,8
CQ,F,0.1043,9
CQ,M,0.1043,9
AG,M,0.1044,7
AG,F,0.1044,8
AL,F,0.1044,8
AL,M,0.1044,8
AL,M,0.1044,8
AL,M,0.1044,8
CQ,M,0.1044,8
AG,M,0.1044,9
AL,F,0.1044,9
AL,M,0.1044,9
CQ,F,0.1044,10
AL,M,0.1045,7
AG,F,0.1045,8
AG,F,0.1045,8
AL,M,0.1045,8
AL,M,0.1045,8
AL,M,0.1045,8
AL,F,0.1045,9
CQ,F,0.1045,9
CQ,F,0.1045,9
AG,F,0.1046,7
AG,M,0.1046,7
AL,M,0.1046,7
AG,F,0.1046,8
AG,F,0.1046,8
AL,M,0.1046,8
AL,M,0.1046,8
CQ,F,0.1046,8
AG,F,0.1046,9
AL,F,0.1046,9
AL,F,0.1046,9
AL,F,0.1046,9
AL,M,0.1046,9
AG,M,0.1047,7
AG,F,0.1047,8
AG,F,0.1047,8
AG,F,0.1047,8
AL,M,0.1047,8
AL,F,0.1047,10
AG,M,0.1048,7
AL,M,0.1048,7
AG,M,0.1048,8
AL,M,0.1048,8
AG,F,0.1048,9
AL,F,0.1048,9
AG,M,0.1049,6
AG,M,0.1049,7
CQ,M,0.1049,7
AL,M,0.1049,8
AL,M,0.1049,8
CQ,F,0.1049,8
CQ,F,0.1049,8
AL,F,0.1049,9
CQ,F,0.1049,9
AG,M,0.105,7
AG,M,0.105,7
AG,F,0.105,8
AG,M,0.105,8
AL,M,0.105,8
AL,M,0.105,8
AL,M,0.105,8
AG,F,0.105,9
AL,F,0.105,9
AL,M,0.105,9
AL,M,0.105,9
CQ,M,0.105,10
AG,F,0.105,12
AG,F,0.1051,7
CQ,M,0.1051,7
AG,F,0.1051,8
AG,M,0.1051,8
AL,M,0.1051,8
AL,F,0.1051,9
AL,M,0.1051,9
CQ,M,0.1051,9
AG,F,0.1052,7
AG,M,0.1052,7
AL,M,0.1052,7
AL,M,0.1052,7
AG,F,0.1052,8
AG,M,0.1052,8
AG,M,0.1052,8
AG,M,0.1052,8
AL,M,0.1052,8
AL,M,0.1052,8
AG,M,0.1052,9
CQ,F,0.1052,9
CQ,F,0.1052,9
AG,M,0.1053,7
AL,M,0.1053,7
AL,M,0.1053,7
AG,F,0.1053,8
AG,M,0.1053,8
AL,F,0.1053,8
AL,F,0.1053,8
AL,M,0.1053,8
AL,M,0.1053,8
CQ,F,0.1053,8
AG,M,0.1053,9
AL,F,0.1053,9
AL,M,0.1053,9
CQ,F,0.1053,9
AG,M,0.1054,7
AG,M,0.1054,7
AG,F,0.1054,8
AL,F,0.1054,8
AL,M,0.1054,8
CQ,F,0.1054,8
AG,F,0.1054,9
AG,M,0.1054,9
AL,F,0.1054,9
CQ,F,0.1054,9
AL,M,0.1054,10
AG,M,0.1055,7
AG,F,0.1055,8
CQ,F,0.1055,8
AL,M,0.1055,9
CQ,F,0.1055,9
AG,F,0.1055,10
AG,M,0.1056,7
AG,F,0.1056,8
AG,F,0.1056,8
AG,F,0.1056,8
AG,M,0.1056,8
CQ,M,0.1056,8
AG,M,0.1057,7
AL,M,0.1057,7
AL,M,0.1057,7
CQ,F,0.1057,7
AG,M,0.1057,8
AG,M,0.1057,8
AL,F,0.1057,8
AL,F,0.1057,8
AL,F,0.1057,9
CQ,M,0.1057,9
CQ,M,0.1057,9
AG,F,0.1058,7
AG,M,0.1058,7
AG,M,0.1058,7
AG,M,0.1058,7
AG,M,0.1058,7
AG,M,0.1058,7
AL,M,0.1058,7
CQ,M,0.1058,7
AG,M,0.1058,8
AL,M,0.1058,8
CQ,M,0.1058,8
CQ,F,0.1058,12
AG,M,0.1059,7
AG,M,0.1059,7
AG,M,0.1059,8
AL,F,0.1059,8
CQ,F,0.1059,9
CQ,F,0.1059,9
AG,M,0.106,7
AG,M,0.106,7
AG,M,0.106,7
AG,M,0.106,7
AG,M,0.106,7
AG,M,0.106,7
AG,M,0.106,7
AG,M,0.106,7
AG,M,0.106,7
AL,M,0.106,7
AG,F,0.106,8
AL,M,0.106,8
AL,M,0.106,8
CQ,M,0.106,8
AL,M,0.106,9
AL,M,0.106,9
AL,M,0.106,9
AG,M,0.106,10
AL,M,0.106,10
AL,F,0.106,11
AG,M,0.1061,7
AL,M,0.1061,7
AG,F,0.1061,8
AL,M,0.1061,8
CQ,F,0.1061,8
AL,F,0.1061,9
AL,M,0.1061,9
CQ,F,0.1061,9
AG,M,0.1062,7
AL,M,0.1062,8
AL,M,0.1062,8
AL,M,0.1062,8
CQ,M,0.1062,8
AG,F,0.1062,9
AG,M,0.1062,9
AG,F,0.1063,7
AG,M,0.1063,7
AG,M,0.1063,7
AL,M,0.1063,7
AL,M,0.1063,7
AG,F,0.1063,8
CQ,M,0.1063,8
AG,F,0.1063,9
AG,M,0.1063,9
AL,F,0.1063,9
AL,F,0.1063,9
AG,F,0.1064,7
AG,M,0.1064,7
AL,M,0.1064,7
AG,M,0.1064,8
AL,F,0.1064,8
AL,M,0.1064,8
CQ,F,0.1064,8
AL,M,0.1064,9
AL,M,0.1064,9
CQ,M,0.1064,9
AL,F,0.1064,10
AG,M,0.1065,7
AG,M,0.1065,7
AG,M,0.1065,8
AG,M,0.1065,8
AG,M,0.1065,8
AG,M,0.1065,8
AL,F,0.1065,8
AL,M,0.1065,8
CQ,M,0.1065,8
CQ,M,0.1065,8
CQ,M,0.1065,9
AG,M,0.1066,7
AG,M,0.1066,7
AG,M,0.1066,7
AL,M,0.1066,7
AG,F,0.1066,8
CQ,M,0.1066,8
AG,F,0.1067,7
AG,M,0.1067,7
AG,M,0.1067,8
AG,M,0.1067,8
AG,M,0.1067,8
AG,M,0.1067,9
AL,F,0.1067,9
CQ,M,0.1067,9
CQ,M,0.1067,9
CQ,M,0.1067,10
AG,M,0.1068,7
AL,M,0.1068,7
AG,F,0.1068,8
AG,F,0.1068,8
AG,F,0.1068,8
AG,F,0.1068,8
AL,F,0.1068,8
AL,M,0.1068,8
CQ,F,0.1068,8
CQ,F,0.1068,8
CQ,M,0.1068,8
AL,F,0.1068,9
AL,F,0.1068,10
AL,F,0.1068,12
AG,M,0.1069,7
AG,M,0.1069,7
AG,M,0.1069,7
AG,M,0.1069,7
AG,F,0.1069,8
AG,F,0.1069,8
AG,M,0.1069,8
AG,M,0.1069,8
AL,F,0.1069,8
AL,F,0.1069,8
AG,F,0.1069,9
AL,M,0.1069,9
AL,M,0.1069,9
AL,M,0.1069,9
AL,M,0.107,7
AG,F,0.107,8
AG,F,0.107,8
AL,M,0.107,8
AL,M,0.107,8
CQ,M,0.107,10
AG,M,0.1071,7
AG,M,0.1071,7
AG,F,0.1071,8
AG,M,0.1071,8
AL,M,0.1071,8
AL,M,0.1071,8
AL,M,0.1071,8
AL,F,0.1071,9
AG,M,0.1072,7
AG,M,0.1072,7
AL,M,0.1072,7
CQ,M,0.1072,7
AG,F,0.1072,8
AG,F,0.1072,8
AG,F,0.1072,8
CQ,F,0.1072,8
CQ,F,0.1072,8
CQ,F,0.1072,8
CQ,M,0.1072,8
CQ,F,0.1072,10
AG,F,0.1073,7
AG,F,0.1073,7
AG,M,0.1073,8
AL,M,0.1073,8
CQ,F,0.1073,8
AL,F,0.1073,10
AL,M,0.1073,10
AG,F,0.1074,7
AG,M,0.1074,7
AG,M,0.1074,7
AL,M,0.1074,7
AL,M,0.1074,7
AL,M,0.1074,7
AL,M,0.1074,8
CQ,F,0.1074,8
CQ,M,0.1074,8
AL,F,0.1074,9
AL,M,0.1074,9
AL,M,0.1074,9
AG,F,0.1074,10
CQ,F,0.1074,10
AG,M,0.1075,7
AL,M,0.1075,8
AL,M,0.1075,8
CQ,M,0.1075,8
AG,F,0.1076,7
AL,M,0.1076,7
AL,M,0.1076,7
AG,M,0.1076,8
AG,M,0.1076,8
AL,M,0.1076,8
AL,F,0.1076,9
CQ,F,0.1076,9
CQ,F,0.1076,9
AG,F,0.1077,7
AG,M,0.1077,7
AG,M,0.1077,7
AL,M,0.1077,7
AG,F,0.1077,8
AL,M,0.1077,8
AL,M,0.1077,8
AL,M,0.1077,8
CQ,F,0.1077,8
AL,F,0.1077,9
AL,F,0.1077,9
AL,F,0.1077,9
AL,M,0.1077,9
CQ,M,0.1077,9
CQ,M,0.1077,9
AG,M,0.1078,7
AG,M,0.1078,7
AG,F,0.1078,8
AG,F,0.1078,8
AG,M,0.1078,8
AL,M,0.1078,8
AL,M,0.1078,8
AL,M,0.1078,8
AL,F,0.1078,9
AL,F,0.1078,9
AL,F,0.1078,10
AL,M,0.1078,10
AG,F,0.1079,8
AL,M,0.1079,8
AL,M,0.1079,8
AL,M,0.1079,8
AG,M,0.1079,9
CQ,M,0.1079,9
AG,F,0.108,7
AG,M,0.108,7
AG,F,0.108,8
AG,M,0.108,8
AL,M,0.108,8
AL,M,0.108,8
AL,M,0.108,8
AL,M,0.108,8
AG,F,0.108,9
AL,M,0.108,9
AL,M,0.108,9
AL,M,0.108,10
AG,M,0.1081,7
AG,M,0.1081,7
AL,F,0.1081,7
AL,M,0.1081,7
AG,F,0.1081,8
AL,M,0.1081,9
AG,F,0.1082,7
AG,M,0.1082,7
AG,M,0.1082,7
AG,M,0.1082,7
AG,F,0.1082,8
AG,M,0.1082,8
AG,M,0.1082,8
CQ,M,0.1082,8
CQ,M,0.1082,8
AG,F,0.1082,9
AL,F,0.1082,9
AL,M,0.1082,9
AL,F,0.1082,10
AG,F,0.1083,7
AG,M,0.1083,7
AL,M,0.1083,7
AG,F,0.1083,8
AG,M,0.1083,8
AL,F,0.1083,8
AL,F,0.1083,8
AG,M,0.1083,9
AL,F,0.1083,9
AG,F,0.1084,7
AG,M,0.1084,7
AG,M,0.1084,7
AG,M,0.1084,7
CQ,M,0.1084,7
AG,F,0.1084,8
AL,M,0.1084,8
AL,M,0.1084,8
AL,M,0.1084,8
CQ,F,0.1084,8
CQ,M,0.1084,8
CQ,M,0.1084,8
AG,M,0.1084,9
AL,F,0.1084,9
AL,M,0.1084,9
AG,M,0.1085,7
AG,M,0.1085,8
AG,M,0.1085,8
AL,M,0.1085,8
AL,M,0.1085,8
CQ,F,0.1085,8
AL,F,0.1085,9
AG,M,0.1086,7
AG,M,0.1086,7
AL,M,0.1086,7
AG,F,0.1086,8
AG,F,0.1086,8
AG,M,0.1086,8
AL,M,0.1086,8
AL,M,0.1086,8
AL,M,0.1086,8
CQ,F,0.1086,8
CQ,M,0.1086,8
AG,F,0.1086,9
AL,F,0.1086,9
AL,F,0.1086,10
AG,F,0.1087,8
AL,F,0.1087,8
AL,M,0.1087,8
CQ,M,0.1087,8
CQ,M,0.1087,8
AG,F,0.1087,9
AL,M,0.1087,9
AL,M,0.1088,8
AL,M,0.1088,8
AL,M,0.1088,8
CQ,F,0.1088,8
AL,F,0.1088,15
AG,F,0.1089,7
AG,F,0.1089,7
AG,M,0.1089,7
AG,M,0.1089,8
AL,F,0.1089,8
AL,F,0.1089,8
CQ,M,0.1089,8
AG,M,0.1089,9
AG,M,0.1089,9
AG,M,0.109,7
AL,M,0.109,7
AG,F,0.109,8
AG,F,0.109,8
AG,M,0.109,8
AG,M,0.109,8
AL,F,0.109,9
AG,M,0.1091,7
AG,M,0.1091,7
AG,M,0.1091,7
AG,F,0.1091,8
AG,F,0.1091,8
AG,F,0.1091,8
AG,M,0.1091,8
AG,M,0.1091,8
AL,F,0.1091,8
AL,M,0.1091,8
AG,M,0.1091,9
AG,M,0.1091,9
AL,M,0.1091,9
CQ,F,0.1091,9
AL,F,0.1091,10
AG,F,0.1092,7
AG,M,0.1092,7
AG,M,0.1092,7
AL,M,0.1092,7
CQ,M,0.1092,7
AG,F,0.1092,8
AG,M,0.1092,8
AL,M,0.1092,8
AL,M,0.1092,8
AL,M,0.1092,8
AG,F,0.1092,9
AG,F,0.1092,9
AG,M,0.1092,9
CQ,F,0.1092,9
AG,F,0.1093,7
AG,F,0.1093,7
AG,M,0.1093,7
AG,M,0.1093,7
AG,M,0.1093,7
CQ,M,0.1093,7
AG,F,0.1093,8
AG,M,0.1093,8
AL,F,0.1093,8
AL,F,0.1093,8
AL,M,0.1093,8
AL,M,0.1093,8
AL,M,0.1093,8
AL,M,0.1093,8
CQ,M,0.1093,8
CQ,M,0.1093,8
CQ,M,0.1093,8
AL,M,0.1093,9
AG,M,0.1094,7
AG,M,0.1094,7
AG,M,0.1094,7
AG,M,0.1094,7
AG,F,0.1094,8
AG,F,0.1094,8
AL,F,0.1094,8
AL,M,0.1094,9
CQ,M,0.1094,9
AG,F,0.1095,8
AL,F,0.1095,8
AL,M,0.1095,8
AL,M,0.1095,8
AL,M,0.1095,8
CQ,M,0.1095,8
AL,F,0.1095,9
AL,F,0.1095,10
AG,F,0.1096,8
AG,F,0.1096,8
AG,M,0.1096,8
AG,M,0.1096,8
AL,M,0.1096,8
AL,M,0.1096,8
CQ,M,0.1096,8
AG,F,0.1096,9
AL,M,0.1096,9
CQ,F,0.1096,9
AG,M,0.1097,7
AG,M,0.1097,7
AL,M,0.1097,7
AG,F,0.1097,8
AG,M,0.1097,8
AG,M,0.1097,8
AL,M,0.1097,8
AL,M,0.1097,8
CQ,M,0.1097,8
AG,M,0.1097,9
AL,F,0.1097,9
AL,M,0.1097,9
CQ,F,0.1097,13
AG,F,0.1098,7
AL,M,0.1098,7
AG,F,0.1098,8
AG,M,0.1098,8
AL,M,0.1098,8
AL,M,0.1098,9
AL,M,0.1098,9
CQ,F,0.1098,9
AG,F,0.1099,7
AG,F,0.1099,7
AG,M,0.1099,7
AG,F,0.1099,8
CQ,M,0.1099,8
AL,F,0.1099,9
AL,F,0.1099,9
AL,F,0.1099,9
CQ,F,0.1099,9
CQ,M,0.1099,9
AG,F,0.11,7
AG,M,0.11,7
AG,F,0.11,8
AG,F,0.11,8
AL,F,0.11,8
AL,M,0.11,8
CQ,F,0.11,8
CQ,M,0.11,8
CQ,M,0.11,9
AG,F,0.1101,7
AG,M,0.1101,7
AG,F,0.1101,8
AG,M,0.1101,8
AL,M,0.1101,8
CQ,M,0.1101,8
AG,F,0.1101,9
AL,F,0.1101,9
AL,M,0.1101,9
AL,M,0.1101,9
AL,M,0.1101,9
AG,F,0.1101,10
AG,F,0.1102,7
AG,F,0.1102,7
AG,M,0.1102,7
AG,M,0.1102,7
AL,M,0.1102,7
AG,F,0.1102,8
AL,M,0.1102,8
AG,M,0.1102,10
AG,M,0.1103,7
AG,F,0.1103,8
AG,M,0.1103,8
AL,F,0.1103,8
AL,M,0.1103,8
AL,M,0.1103,8
CQ,F,0.1103,8
AG,M,0.1103,9
AL,F,0.1103,9
CQ,M,0.1103,9
CQ,M,0.1103,9
AL,M,0.1103,10
AG,M,0.1104,7
AL,M,0.1104,7
AG,M,0.1104,8
AL,M,0.1104,8
AL,M,0.1104,8
AL,M,0.1104,8
CQ,F,0.1104,8
AL,M,0.1104,9
AG,F,0.1105,7
AL,M,0.1105,7
CQ,F,0.1105,7
AG,M,0.1105,8
AL,M,0.1105,8
CQ,F,0.1105,8
CQ,M,0.1105,8
AL,F,0.1105,9
AL,M,0.1105,10
AG,F,0.1106,7
AL,M,0.1106,7
AG,F,0.1106,8
AL,F,0.1106,8
AL,M,0.1106,8
AL,M,0.1106,8
AL,M,0.1106,8
CQ,F,0.1106,8
CQ,M,0.1106,8
CQ,M,0.1106,8
CQ,M,0.1106,8
AL,M,0.1106,9
CQ,F,0.1106,9
AG,F,0.1107,8
AG,F,0.1107,8
CQ,M,0.1107,8
AG,F,0.1107,9
AL,M,0.1107,9
AL,M,0.1107,9
AL,M,0.1107,9
AG,M,0.1108,8
AG,M,0.1108,8
CQ,M,0.1108,8
AG,F,0.1108,9
AL,F,0.1108,9
AL,F,0.1108,9
CQ,M,0.1108,9
AG,M,0.1109,7
AL,M,0.1109,8
AL,M,0.1109,8
AL,M,0.1109,8
AL,F,0.1109,9
AL,F,0.1109,10
AG,F,0.111,8
AL,F,0.111,8
AG,M,0.111,9
AL,F,0.1111,8
CQ,M,0.1111,8
CQ,M,0.1111,8
CQ,M,0.1111,8
AG,F,0.1111,9
AL,F,0.1111,9
CQ,F,0.1111,9
AL,M,0.1112,7
AL,M,0.1112,8
CQ,F,0.1112,8
CQ,M,0.1112,8
AG,M,0.1112,9
CQ,F,0.1112,9
AL,M,0.1113,7
AL,M,0.1113,8
AG,F,0.1113,9
CQ,M,0.1113,9
AG,M,0.1114,6
AG,F,0.1114,7
AG,M,0.1114,7
AG,M,0.1114,7
AG,F,0.1114,8
AL,M,0.1114,8
AL,M,0.1114,8
CQ,M,0.1114,8
CQ,M,0.1114,8
AG,F,0.1114,9
AL,F,0.1114,11
AG,M,0.1115,7
AG,M,0.1115,7
AG,M,0.1115,7
AL,M,0.1115,7
AG,F,0.1115,8
AG,M,0.1115,8
CQ,M,0.1115,8
AG,M,0.1116,7
AL,M,0.1116,7
AG,M,0.1116,8
AL,M,0.1116,8
AL,M,0.1116,8
CQ,M,0.1116,8
AG,M,0.1116,9
AL,F,0.1116,9
AL,M,0.1116,9
AL,F,0.1116,10
AG,M,0.1117,6
AG,M,0.1117,7
AL,M,0.1117,7
AG,M,0.1117,8
AG,M,0.1117,8
CQ,F,0.1117,8
AL,M,0.1117,9
AG,M,0.1118,7
CQ,M,0.1118,7
AG,F,0.1118,8
AG,F,0.1118,8
AG,F,0.1118,8
AG,F,0.1118,8
AG,M,0.1118,8
AG,M,0.1118,8
AL,M,0.1118,8
CQ,M,0.1118,8
AL,F,0.1118,9
AG,F,0.1119,8
CQ,M,0.1119,8
AL,F,0.1119,9
AG,F,0.112,7
AG,F,0.112,7
AG,M,0.112,7
AG,F,0.112,8
AG,F,0.112,8
AG,F,0.112,8
AG,M,0.112,8
AL,F,0.112,8
AL,M,0.112,9
CQ,M,0.112,9
AG,M,0.1121,7
AG,M,0.1121,7
AG,M,0.1121,8
CQ,F,0.1121,8
CQ,F,0.1121,9
AG,F,0.1122,7
AG,M,0.1122,7
AG,M,0.1122,7
AG,M,0.1122,7
AG,M,0.1122,7
CQ,M,0.1122,7
AG,M,0.1122,8
AL,M,0.1122,8
AL,M,0.1122,8
CQ,M,0.1122,8
AG,F,0.1122,9
AL,F,0.1122,9
AL,M,0.1122,9
AG,M,0.1123,7
AL,M,0.1123,7
AL,M,0.1123,8
AL,M,0.1123,8
AL,M,0.1123,8
CQ,F,0.1123,8
AL,M,0.1123,9
CQ,M,0.1123,9
AG,F,0.1124,7
AG,M,0.1124,7
AG,F,0.1124,8
AG,F,0.1124,8
AG,M,0.1124,8
AL,F,0.1124,8
AL,M,0.1124,8
CQ,M,0.1124,8
AG,F,0.1124,9
AG,M,0.1125,7
AL,F,0.1125,8
AL,M,0.1125,8
AL,M,0.1125,8
CQ,M,0.1125,8
AG,F,0.1126,7
AG,F,0.1126,7
AL,M,0.1126,7
AL,M,0.1126,7
AG,F,0.1126,8
AG,F,0.1126,8
AL,F,0.1126,8
AL,F,0.1126,8
AL,M,0.1126,8
CQ,M,0.1127,7
AG,M,0.1127,8
AL,F,0.1127,8
CQ,M,0.1127,8
AG,M,0.1127,9
AL,M,0.1127,10
CQ,M,0.1128,7
AG,F,0.1128,8
AG,F,0.1128,8
AG,M,0.1128,8
AL,M,0.1128,8
AL,M,0.1128,8
AL,M,0.1128,8
CQ,M,0.1128,8
AG,M,0.1128,9
AL,F,0.1128,9
AL,M,0.1128,9
AL,M,0.1128,9
CQ,M,0.1129,7
AG,F,0.1129,8
CQ,M,0.1129,8
AG,F,0.1129,9
AG,M,0.1129,9
AL,F,0.1129,9
CQ,F,0.1129,10
AG,F,0.113,7
AG,F,0.113,7
AG,F,0.113,7
AG,M,0.113,7
AG,M,0.113,7
AL,M,0.113,8
CQ,M,0.113,8
CQ,M,0.113,8
AG,F,0.113,9
AL,F,0.113,9
AL,M,0.113,9
AG,M,0.1131,6
AG,F,0.1131,7
AL,M,0.1131,7
CQ,M,0.1131,7
AL,M,0.1131,8
AL,F,0.1131,9
AL,F,0.1131,9
AG,M,0.1132,7
CQ,M,0.1132,7
CQ,M,0.1132,7
AG,F,0.1132,8
AG,F,0.1132,8
AG,M,0.1132,8
CQ,F,0.1132,9
CQ,M,0.1132,9
AL,F,0.1132,11
AG,F,0.1133,7
AL,M,0.1133,7
AG,F,0.1133,8
AL,M,0.1133,8
CQ,F,0.1133,8
CQ,M,0.1133,8
AG,M,0.1133,9
AL,F,0.1133,9
CQ,F,0.1133,9
AG,M,0.1134,7
AG,M,0.1134,7
AL,M,0.1134,8
AG,M,0.1134,9
CQ,F,0.1134,9
AG,M,0.1135,7
AG,M,0.1135,7
AG,M,0.1135,7
AG,M,0.1135,7
AL,F,0.1135,8
AL,M,0.1135,8
AL,M,0.1135,8
AL,M,0.1135,8
AG,F,0.1135,9
AL,M,0.1135,9
CQ,M,0.1135,9
CQ,M,0.1136,7
AG,F,0.1136,8
AG,M,0.1136,8
AL,F,0.1136,8
CQ,F,0.1136,8
CQ,M,0.1136,8
AG,F,0.1136,9
AL,M,0.1136,9
AL,F,0.1136,11
AL,M,0.1137,7
AG,F,0.1137,8
AG,M,0.1137,8
AL,M,0.1137,8
AL,F,0.1137,9
AG,M,0.1138,7
AG,M,0.1138,7
AG,M,0.1138,7
AG,M,0.1138,7
AG,F,0.1138,8
CQ,M,0.1138,8
AL,F,0.1138,9
AL,M,0.1138,9
AL,M,0.1138,9
CQ,M,0.1138,9
AG,M,0.1139,7
CQ,F,0.1139,7
AG,F,0.1139,8
AG,F,0.1139,8
AL,F,0.1139,8
AL,M,0.1139,8
CQ,M,0.1139,8
AL,F,0.1139,9
AL,M,0.1139,9
CQ,M,0.1139,9
AG,M,0.114,7
AG,M,0.114,7
AL,M,0.114,7
AL,F,0.114,9
CQ,M,0.114,9
AG,F,0.1141,8
AL,M,0.1141,8
AL,M,0.1141,8
CQ,M,0.1141,9
CQ,M,0.1141,12
AG,F,0.1142,7
AG,M,0.1142,7
AG,F,0.1142,8
AL,M,0.1142,8
AL,F,0.1142,9
AL,F,0.1142,9
AG,M,0.1143,7
AG,M,0.1143,7
AG,F,0.1143,8
AG,M,0.1143,8
AL,M,0.1143,8
AL,M,0.1143,8
AG,F,0.1143,9
AL,M,0.1143,9
AG,M,0.1144,7
AG,F,0.1144,8
AG,F,0.1145,7
AG,M,0.1145,7
AG,M,0.1145,7
CQ,M,0.1145,7
AG,F,0.1145,8
AL,F,0.1145,8
AL,M,0.1145,8
AL,F,0.1145,9
AL,M,0.1145,9
AG,F,0.1146,7
AG,M,0.1146,7
AG,M,0.1146,7
AG,F,0.1146,8
AG,F,0.1146,8
AG,M,0.1146,8
AL,M,0.1146,8
AL,M,0.1146,8
AL,F,0.1146,9
AL,F,0.1146,10
AG,M,0.1147,7
AL,M,0.1147,7
AG,F,0.1147,8
AG,M,0.1147,8
AL,M,0.1147,8
AL,M,0.1147,8
CQ,F,0.1147,8
AG,F,0.1147,9
CQ,M,0.1147,9
AG,M,0.1148,7
AG,M,0.1148,7
AG,M,0.1148,7
AG,F,0.1148,8
AL,F,0.1148,8
CQ,M,0.1148,8
AG,F,0.1149,7
AG,F,0.1149,7
AG,M,0.1149,7
AG,M,0.1149,7
AL,M,0.1149,8
AL,M,0.1149,8
AL,M,0.1149,8
CQ,M,0.1149,8
AG,F,0.1149,9
AG,M,0.1149,9
AL,F,0.1149,9
CQ,F,0.1149,9
AG,F,0.115,7
AG,M,0.115,7
AG,F,0.115,8
AG,F,0.115,8
AL,M,0.115,8
AG,F,0.115,9
AG,F,0.115,9
AL,F,0.115,9
AG,F,0.1151,7
AG,M,0.1151,7
AG,M,0.1151,7
AG,M,0.1151,8
AL,F,0.1151,8
AL,M,0.1151,8
CQ,F,0.1151,8
CQ,M,0.1151,8
AG,F,0.1151,9
AL,M,0.1151,9
CQ,F,0.1151,9
AG,F,0.1152,8
AL,M,0.1152,8
AL,M,0.1152,8
CQ,M,0.1152,8
AL,F,0.1152,9
AG,F,0.1153,7
AG,F,0.1153,8
AG,M,0.1153,8
AL,F,0.1153,8
AL,F,0.1153,8
AL,M,0.1153,8
CQ,F,0.1153,8
AG,F,0.1153,9
AL,F,0.1153,9
AG,F,0.1154,7
AG,F,0.1154,7
AG,F,0.1154,8
AG,M,0.1154,8
CQ,M,0.1154,9
AG,F,0.1155,7
AG,M,0.1155,7
AL,M,0.1155,7
AG,F,0.1155,8
AG,F,0.1155,8
AG,M,0.1155,8
AL,M,0.1155,8
AL,M,0.1155,8
AL,M,0.1155,8
CQ,M,0.1155,8
AG,F,0.1155,9
AG,M,0.1155,9
AG,F,0.1156,7
AG,M,0.1156,7
AG,M,0.1156,7
AL,M,0.1156,7
AG,F,0.1156,8
AL,M,0.1156,8
CQ,M,0.1156,8
AL,F,0.1156,9
AL,F,0.1156,9
AL,M,0.1156,9
AG,F,0.1157,7
AG,M,0.1157,8
AL,M,0.1157,8
CQ,M,0.1157,8
AG,F,0.1157,9
AL,M,0.1157,11
AG,F,0.1158,7
AG,F,0.1158,7
AL,F,0.1158,8
CQ,M,0.1158,8
AL,F,0.1158,9
AL,F,0.1158,9
CQ,M,0.1158,9
CQ,M,0.1158,9
AG,F,0.1159,7
AG,F,0.1159,7
AG,M,0.1159,7
AL,M,0.1159,7
CQ,M,0.1159,7
AG,M,0.1159,8
CQ,M,0.1159,8
AG,F,0.116,7
AG,F,0.116,7
AG,M,0.116,7
AG,F,0.116,8
AG,F,0.116,8
AG,F,0.116,8
CQ,M,0.116,8
AG,M,0.116,9
AL,M,0.116,9
AG,F,0.1161,7
AG,F,0.1161,8
AG,F,0.1161,8
AG,M,0.1161,8
AG,F,0.1161,9
CQ,F,0.1161,9
AG,F,0.1162,7
AG,F,0.1162,7
AG,M,0.1162,7
AG,F,0.1162,8
AG,F,0.1162,8
AG,M,0.1162,8
AL,F,0.1162,8
AG,M,0.1162,9
AL,F,0.1162,9
AL,F,0.1162,9
AG,F,0.1163,7
AG,M,0.1163,8
CQ,F,0.1163,8
AG,M,0.1164,7
AG,M,0.1164,7
AG,M,0.1164,7
CQ,M,0.1164,8
AL,F,0.1164,9
AL,F,0.1164,9
AL,M,0.1164,9
AG,F,0.1165,7
AG,F,0.1165,7
AG,M,0.1165,7
AG,M,0.1165,7
AG,F,0.1165,8
AG,M,0.1165,8
AG,M,0.1165,8
CQ,F,0.1165,8
CQ,M,0.1165,8
AG,F,0.1165,9
AG,M,0.1165,9
AG,F,0.1166,7
AG,F,0.1166,7
AL,M,0.1166,7
AL,F,0.1166,8
AL,M,0.1166,8
AL,M,0.1166,8
AG,F,0.1166,9
AL,F,0.1166,9
CQ,F,0.1166,9
AG,F,0.1167,7
AG,M,0.1167,7
AG,M,0.1167,7
AG,M,0.1167,8
AL,M,0.1167,8
CQ,F,0.1167,8
AL,F,0.1167,9
AG,F,0.1168,8
AL,M,0.1168,8
AL,M,0.1168,8
CQ,M,0.1168,8
AL,F,0.1168,9
AL,F,0.1168,10
AG,M,0.1169,7
AL,F,0.1169,8
AL,F,0.1169,10
AG,F,0.117,7
CQ,M,0.117,7
AG,F,0.117,8
CQ,M,0.117,8
CQ,M,0.117,8
CQ,M,0.117,8
CQ,M,0.117,9
AG,F,0.117,14
AG,F,0.1171,8
AG,F,0.1171,8
AL,M,0.1171,8
CQ,M,0.1171,8
AG,M,0.1172,6
AG,F,0.1172,7
AG,F,0.1172,8
AG,M,0.1172,8
AL,M,0.1172,8
CQ,F,0.1172,8
AL,F,0.1172,9
AG,M,0.1173,7
AL,F,0.1173,8
CQ,F,0.1173,8
CQ,M,0.1173,8
CQ,M,0.1173,8
AG,M,0.1174,7
AG,F,0.1174,8
AL,M,0.1174,8
CQ,F,0.1174,9
CQ,F,0.1174,9
AL,F,0.1174,10
AG,M,0.1175,6
AG,F,0.1175,7
AG,F,0.1175,7
AG,M,0.1175,7
AL,M,0.1175,7
AG,M,0.1175,8
AL,M,0.1175,8
CQ,M,0.1175,9
AG,F,0.1176,8
AL,M,0.1176,8
AG,F,0.1176,9
AG,M,0.1176,9
AL,F,0.1176,9
CQ,F,0.1176,9
CQ,M,0.1176,9
AG,F,0.1177,7
AG,M,0.1177,7
AG,F,0.1177,8
AL,M,0.1177,8
AL,M,0.1177,8
AL,M,0.1177,9
CQ,M,0.1177,9
AG,F,0.1178,7
AG,M,0.1178,8
AG,M,0.1178,8
AG,F,0.1178,9
AL,F,0.1178,9
CQ,F,0.1178,9
AL,F,0.1178,11
AG,M,0.1179,7
AG,M,0.1179,7
AG,M,0.1179,8
AL,M,0.1179,8
AL,M,0.1179,9
AL,M,0.118,8
CQ,F,0.118,8
CQ,M,0.118,8
CQ,M,0.118,9
AG,M,0.1181,7
AL,F,0.1181,9
AG,F,0.1182,7
AG,M,0.1182,7
AG,F,0.1182,8
CQ,M,0.1182,8
AG,M,0.1182,9
AG,M,0.1183,7
CQ,F,0.1183,8
CQ,F,0.1183,8
AL,F,0.1183,10
AG,M,0.1184,8
AL,F,0.1184,9
AL,F,0.1184,10
AG,F,0.1185,7
AG,M,0.1185,7
AG,M,0.1185,7
AG,F,0.1185,9
AL,F,0.1185,9
AL,F,0.1185,9
AG,M,0.1186,7
AL,M,0.1186,7
CQ,F,0.1186,8
CQ,M,0.1186,8
CQ,M,0.1186,8
AG,F,0.1186,9
AG,M,0.1186,9
AL,F,0.1186,9
CQ,M,0.1186,9
AG,F,0.1187,7
AG,M,0.1187,7
AG,M,0.1187,8
AG,F,0.1187,9
CQ,F,0.1187,9
CQ,F,0.1187,9
AG,M,0.1188,7
AG,F,0.1188,8
CQ,F,0.1188,8
CQ,M,0.1188,8
AG,M,0.1189,7
AG,M,0.1189,7
AG,M,0.1189,7
AG,M,0.1189,7
AG,M,0.1189,8
CQ,F,0.1189,8
CQ,M,0.1189,8
AG,F,0.1189,9
CQ,M,0.1189,9
AG,F,0.119,7
AL,M,0.119,7
AG,F,0.119,8
AG,F,0.119,8
AL,M,0.119,8
AL,M,0.119,8
AG,F,0.119,9
AG,F,0.1191,7
AG,M,0.1191,7
AL,M,0.1191,7
AG,F,0.1191,8
AL,F,0.1191,8
CQ,M,0.1191,9
AG,M,0.1192,7
AG,M,0.1192,7
AG,F,0.1192,9
AL,F,0.1192,9
CQ,M,0.1192,9
AG,F,0.1194,7
AG,F,0.1194,8
AG,M,0.1194,8
AL,M,0.1194,8
CQ,M,0.1194,8
AL,F,0.1194,9
CQ,M,0.1194,9
CQ,F,0.1195,8
AL,F,0.1195,9
AL,M,0.1195,9
CQ,M,0.1195,9
AG,F,0.1196,8
AG,M,0.1196,8
AL,M,0.1196,8
AL,M,0.1196,8
CQ,M,0.1196,9
AG,M,0.1197,7
AG,F,0.1197,8
AG,F,0.1197,8
CQ,M,0.1197,8
CQ,M,0.1197,8
AG,F,0.1198,7
AG,F,0.1198,8
AL,M,0.1198,8
AL,M,0.1198,8
AG,F,0.1199,7
AG,F,0.1199,8
CQ,F,0.1199,8
AG,F,0.12,7
AG,F,0.12,7
AG,F,0.12,8
AG,F,0.12,8
AG,F,0.12,8
AG,F,0.1201,7
AG,F,0.1201,8
AL,F,0.1201,9
AG,F,0.1202,7
AG,F,0.1202,7
AG,F,0.1202,8
AG,F,0.1202,8
CQ,M,0.1202,8
AL,F,0.1202,9
AG,M,0.1203,7
AG,M,0.1203,8
CQ,F,0.1203,8
CQ,M,0.1203,9
CQ,F,0.1204,8
AG,F,0.1204,9
AG,F,0.1204,9
CQ,M,0.1204,9
AG,F,0.1205,7
AG,F,0.1205,8
AG,F,0.1205,8
AL,M,0.1205,8
AG,F,0.1206,7
AG,F,0.1206,8
CQ,M,0.1206,8
AG,F,0.1207,7
AG,M,0.1207,7
CQ,M,0.1207,8
CQ,M,0.1207,9
AL,M,0.1208,8
CQ,M,0.1208,8
AL,F,0.1208,9
AL,F,0.1208,11
CQ,M,0.1209,7
AG,F,0.1209,8
AL,M,0.1209,8
CQ,M,0.1209,8
AL,M,0.121,7
AG,F,0.121,8
AL,M,0.121,8
CQ,M,0.121,8
CQ,M,0.121,8
AG,F,0.1211,7
AG,M,0.1211,8
AL,M,0.1211,8
AL,F,0.1211,9
AG,F,0.1212,8
CQ,F,0.1212,9
AG,M,0.1213,7
AL,M,0.1213,8
AL,M,0.1213,8
AL,M,0.1213,8
CQ,F,0.1213,8
CQ,M,0.1214,8
CQ,F,0.1214,9
AG,F,0.1215,8
AG,F,0.1215,8
AL,F,0.1215,8
AL,M,0.1215,8
CQ,F,0.1215,8
CQ,F,0.1215,8
CQ,F,0.1215,8
CQ,M,0.1215,8
CQ,M,0.1215,8
CQ,M,0.1215,8
CQ,M,0.1215,8
CQ,M,0.1215,8
CQ,F,0.1216,7
CQ,M,0.1216,7
AG,F,0.1216,8
AG,F,0.1217,7
AG,M,0.1217,7
AG,M,0.1217,7
AG,M,0.1217,7
CQ,M,0.1217,7
AL,F,0.1217,8
CQ,M,0.1217,8
AG,F,0.1217,9
AG,F,0.1218,7
AG,F,0.1218,7
AG,M,0.1218,7
AG,F,0.1218,8
AG,F,0.1218,8
AL,F,0.1218,8
CQ,F,0.1218,8
CQ,M,0.1218,8
CQ,M,0.1218,8
AG,F,0.1218,9
AL,F,0.1218,9
AG,M,0.1219,7
AG,M,0.1219,7
AG,F,0.1219,8
AG,F,0.1219,9
AG,M,0.122,7
AG,F,0.122,8
CQ,F,0.122,8
CQ,M,0.122,8
AG,F,0.1221,7
AL,F,0.1221,8
CQ,M,0.1221,8
AG,F,0.1222,7
AG,F,0.1222,7
AG,F,0.1222,7
CQ,M,0.1222,7
CQ,M,0.1222,8
CQ,M,0.1222,8
AL,F,0.1223,9
AG,F,0.1224,7
CQ,M,0.1224,7
AG,F,0.1224,8
AG,M,0.1224,8
AG,F,0.1224,9
AG,M,0.1225,7
AG,M,0.1225,8
CQ,F,0.1225,8
CQ,M,0.1225,8
AG,F,0.1225,9
AL,F,0.1225,9
CQ,M,0.1225,9
AG,F,0.1226,8
AL,M,0.1226,8
CQ,M,0.1227,7
CQ,F,0.1227,8
CQ,M,0.1227,8
AG,F,0.1228,7
AG,F,0.1228,7
AG,F,0.1228,8
AG,F,0.1228,8
AG,F,0.1228,9
AG,F,0.1229,7
AG,F,0.1229,7
AG,F,0.1229,8
AG,F,0.1229,8
AG,M,0.1229,8
AL,F,0.1229,9
AG,F,0.123,7
AG,F,0.123,7
AG,M,0.1231,7
CQ,M,0.1231,7
AG,F,0.1231,8
CQ,M,0.1231,8
CQ,M,0.1231,8
AL,F,0.1231,9
AG,F,0.1232,9
CQ,M,0.1232,9
AL,F,0.1232,10
CQ,M,0.1233,8
CQ,M,0.1233,9
CQ,F,0.1234,8
AL,F,0.1235,8
CQ,M,0.1235,8
AL,F,0.1235,9
AL,F,0.1235,9
AG,F,0.1236,7
AG,M,0.1236,8
CQ,F,0.1236,8
CQ,M,0.1236,8
CQ,M,0.1236,8
AG,M,0.1237,7
AG,F,0.1237,8
CQ,F,0.1237,8
CQ,M,0.1237,8
AL,F,0.1237,9
AG,F,0.1238,9
AL,F,0.1238,9
AG,M,0.1239,8
CQ,F,0.1239,8
AG,F,0.124,7
AG,F,0.124,7
CQ,M,0.124,7
AG,F,0.124,8
CQ,M,0.124,8
AG,F,0.124,9
AG,F,0.1241,7
AG,F,0.1241,7
AL,M,0.1241,8
CQ,F,0.1241,8
AL,F,0.1241,9
AG,F,0.1242,7
AG,F,0.1242,7
CQ,M,0.1242,8
AG,F,0.1243,8
AG,F,0.1243,8
AL,M,0.1243,9
CQ,M,0.1243,9
AG,F,0.1244,7
CQ,F,0.1244,7
AG,F,0.1244,8
AG,F,0.1245,7
AG,F,0.1246,7
AG,F,0.1247,7
CQ,M,0.1247,8
AG,F,0.1247,9
AG,F,0.1249,8
CQ,M,0.1249,8
CQ,F,0.1249,9
AG,F,0.125,8
CQ,M,0.125,8
AG,F,0.125,9
AG,F,0.1251,8
AL,M,0.1251,8
CQ,F,0.1251,8
CQ,M,0.1251,8
CQ,M,0.1251,8
AG,F,0.1251,9
AL,F,0.1252,8
AL,M,0.1252,8
AL,M,0.1252,8
CQ,F,0.1252,8
CQ,M,0.1252,8
AG,F,0.1252,9
AL,F,0.1252,9
AL,F,0.1252,9
AL,F,0.1252,10
AG,F,0.1253,7
AL,F,0.1253,9
CQ,M,0.1254,8
CQ,F,0.1255,8
CQ,F,0.1255,8
AL,F,0.1255,9
CQ,M,0.1255,9
AG,F,0.1256,7
AG,F,0.1256,8
CQ,F,0.1256,8
CQ,M,0.1257,7
AL,F,0.1257,8
CQ,M,0.1257,8
AG,F,0.1258,8
CQ,F,0.1258,8
CQ,F,0.1258,8
CQ,M,0.1258,8
AL,F,0.1259,8
CQ,F,0.1259,8
CQ,M,0.1259,8
AG,F,0.1259,9
AL,F,0.1259,9
AG,F,0.126,7
AG,F,0.126,8
AG,F,0.126,8
AG,F,0.126,9
CQ,M,0.126,9
CQ,M,0.126,9
CQ,M,0.1261,7
AG,F,0.1261,8
AG,F,0.1261,8
CQ,F,0.1262,8
AL,F,0.1262,9
CQ,M,0.1263,7
CQ,F,0.1263,8
CQ,F,0.1263,8
AG,F,0.1264,7
AG,F,0.1264,8
AG,F,0.1264,8
CQ,M,0.1264,8
AG,F,0.1264,9
AG,F,0.1264,9
CQ,M,0.1264,9
CQ,M,0.1265,7
AG,F,0.1265,8
AG,F,0.1266,7
CQ,M,0.1266,7
AG,F,0.1267,8
AG,F,0.1267,8
CQ,F,0.1267,8
AL,F,0.1267,10
CQ,F,0.1268,9
CQ,F,0.1268,9
AG,F,0.1269,7
AG,F,0.1269,7
AL,F,0.1269,8
CQ,M,0.1269,8
AG,F,0.1269,9
AG,F,0.127,7
CQ,M,0.127,8
CQ,M,0.127,8
AG,F,0.1271,7
AG,F,0.1271,7
AG,F,0.1271,7
CQ,M,0.1271,8
AL,F,0.1271,9
AG,F,0.1272,7
AG,F,0.1273,8
AG,F,0.1273,8
AG,F,0.1273,8
CQ,M,0.1273,8
AL,F,0.1273,9
AG,F,0.1275,8
CQ,M,0.1275,8
CQ,F,0.1275,9
AG,F,0.1276,9
CQ,F,0.1276,9
AG,F,0.1277,7
AG,F,0.1278,7
CQ,M,0.1278,7
AG,F,0.1279,7
AG,F,0.1279,9
CQ,M,0.1279,9
CQ,M,0.1279,9
AG,F,0.128,7
CQ,M,0.128,8
CQ,M,0.128,9
AG,F,0.1281,7
CQ,M,0.1281,7
AG,F,0.1281,8
AG,F,0.1281,8
AG,F,0.1282,7
AG,F,0.1282,8
CQ,M,0.1283,8
AL,F,0.1283,9
CQ,M,0.1284,7
AG,F,0.1284,8
CQ,F,0.1285,8
CQ,M,0.1285,8
CQ,M,0.1285,9
AG,F,0.1286,8
AG,F,0.1286,8
AG,F,0.1286,8
AG,F,0.1286,8
CQ,F,0.1286,8
CQ,M,0.1286,8
AG,F,0.1287,8
CQ,M,0.1287,8
CQ,M,0.1287,10
AG,F,0.1288,8
CQ,M,0.1288,8
AG,F,0.1289,7
CQ,F,0.1289,8
CQ,F,0.1289,8
CQ,M,0.1289,8
CQ,F,0.1289,10
AG,F,0.129,8
AG,F,0.129,9
AG,F,0.1291,8
AG,F,0.1291,8
AL,F,0.1291,8
CQ,M,0.1291,9
AG,F,0.1292,8
CQ,M,0.1292,9
AG,F,0.1293,8
CQ,M,0.1294,8
CQ,F,0.1295,8
AL,F,0.1297,8
CQ,F,0.1297,8
AG,F,0.1298,7
AG,F,0.1298,8
AG,F,0.1298,9
CQ,M,0.1299,8
AG,F,0.13,7
CQ,M,0.13,7
AG,F,0.1301,8
CQ,M,0.1302,8
CQ,M,0.1302,8
AG,F,0.1303,7
AG,F,0.1304,7
CQ,M,0.1304,8
CQ,M,0.1304,8
AG,F,0.1305,7
AG,F,0.1305,7
AG,F,0.1305,7
AG,F,0.1305,7
AG,F,0.1305,8
AG,F,0.1306,8
CQ,M,0.1307,7
AG,F,0.1307,9
AG,F,0.1308,7
AG,F,0.1308,7
AG,F,0.1308,8
CQ,M,0.1309,9
CQ,M,0.131,8
CQ,M,0.1311,8
CQ,M,0.1311,9
AG,F,0.1312,7
AG,F,0.1312,7
AG,F,0.1312,8
AG,F,0.1312,8
CQ,F,0.1313,8
AG,F,0.1314,7
AG,F,0.1314,8
CQ,M,0.1314,8
CQ,M,0.1314,8
CQ,M,0.1315,8
AG,F,0.1316,7
CQ,M,0.1316,8
CQ,M,0.1316,8
CQ,M,0.1316,8
CQ,F,0.1317,8
CQ,F,0.1317,9
CQ,M,0.1318,8
AG,F,0.1319,7
AG,F,0.1319,9
AG,F,0.132,8
CQ,F,0.1321,8
CQ,M,0.1322,8
CQ,M,0.1323,8
CQ,F,0.1323,9
AG,F,0.1324,7
CQ,F,0.1324,8
CQ,F,0.1324,8
AG,F,0.1324,9
CQ,F,0.1324,9
CQ,M,0.1324,9
CQ,M,0.1325,9
AG,F,0.1326,8
CQ,F,0.1327,8
CQ,M,0.1327,8
AG,F,0.1328,8
CQ,M,0.1328,9
AG,F,0.1329,7
AG,F,0.1329,8
CQ,M,0.1329,8
AG,F,0.133,8
AG,F,0.133,8
AG,F,0.1332,7
CQ,M,0.1332,8
AG,F,0.1333,7
CQ,F,0.1333,8
CQ,M,0.1333,8
AG,F,0.1334,7
AG,F,0.1334,8
CQ,M,0.1334,8
CQ,F,0.1334,9
AG,F,0.1336,7
CQ,M,0.1336,7
AG,F,0.1337,8
AG,F,0.1338,7
AG,F,0.1338,8
CQ,M,0.1339,8
CQ,M,0.1339,8
AG,F,0.134,7
CQ,F,0.134,8
CQ,M,0.134,9
AG,F,0.1341,8
CQ,M,0.1341,8
CQ,M,0.1341,9
AG,F,0.1342,8
CQ,M,0.1343,8
AG,F,0.1344,8
CQ,M,0.1344,8
CQ,M,0.1345,8
CQ,F,0.1345,9
AG,F,0.1346,7
AG,F,0.1347,7
AG,F,0.1348,8
CQ,F,0.1348,9
CQ,M,0.1349,7
AG,F,0.135,9
AG,F,0.1351,7
AG,F,0.1351,8
AG,F,0.1351,9
AG,F,0.1352,8
CQ,M,0.1352,8
CQ,F,0.1352,9
CQ,M,0.1352,9
AG,F,0.1353,9
CQ,M,0.1354,8
AG,F,0.1354,9
AG,F,0.1355,7
AG,F,0.1356,8
CQ,M,0.1356,8
CQ,F,0.1356,9
AG,F,0.1357,7
CQ,M,0.1359,8
CQ,M,0.1359,8
CQ,M,0.136,8
AG,F,0.1361,7
CQ,M,0.1361,8
CQ,F,0.1361,9
CQ,M,0.1362,8
AG,F,0.1363,7
CQ,M,0.1363,8
CQ,F,0.1364,9
AG,F,0.1365,7
AG,F,0.1365,7
AG,F,0.1365,8
AG,F,0.1365,9
CQ,M,0.1367,8
CQ,M,0.1367,9
AG,F,0.1369,8
AG,F,0.1369,8
CQ,M,0.137,8
AG,F,0.1371,8
CQ,F,0.1371,8
CQ,M,0.1371,8
CQ,M,0.1371,8
CQ,M,0.1372,8
CQ,M,0.1372,8
CQ,M,0.1373,8
AG,F,0.1374,8
CQ,F,0.1374,9
AG,F,0.1378,8
CQ,F,0.1378,8
CQ,M,0.1378,8
CQ,M,0.138,8
CQ,M,0.1381,8
AG,F,0.1382,8
AG,F,0.1383,8
CQ,M,0.1383,8
CQ,M,0.1384,8
AG,F,0.1385,8
CQ,M,0.1385,8
CQ,M,0.1385,9
AG,F,0.1386,8
CQ,M,0.1387,8
CQ,M,0.1387,8
AG,F,0.139,7
AG,F,0.139,7
CQ,M,0.139,8
CQ,F,0.1391,8
CQ,F,0.1392,8
CQ,M,0.1392,9
CQ,F,0.1393,9
CQ,F,0.1395,9
CQ,M,0.1396,8
CQ,F,0.1397,8
CQ,M,0.1397,8
CQ,M,0.1399,8
CQ,M,0.1399,8
CQ,M,0.14,8
AG,F,0.1401,8
AG,F,0.1402,7
CQ,M,0.1402,8
CQ,M,0.1404,8
CQ,M,0.1404,8
AG,F,0.1406,8
CQ,M,0.1406,8
AG,F,0.1407,8
AL,F,0.1407,9
CQ,M,0.1409,8
AG,F,0.141,7
CQ,M,0.1411,8
CQ,M,0.1413,9
CQ,M,0.1417,8
CQ,M,0.1419,9
AG,F,0.1421,8
CQ,M,0.1422,8
CQ,M,0.1424,9
CQ,M,0.1427,8
AG,F,0.1431,7
CQ,M,0.1431,8
CQ,M,0.1434,8
AG,F,0.144,8
CQ,F,0.1441,8
CQ,M,0.1445,8
CQ,M,0.1448,9
AG,F,0.1449,8
CQ,M,0.1449,8
AG,F,0.1456,8
CQ,M,0.1457,8
CQ,M,0.1468,8
CQ,M,0.1473,9
CQ,F,0.1477,7
CQ,M,0.1503,9
CQ,F,0.1534,9
CQ,F,0.176,9
